{"stats":{"minecraft:picked_up":{"minecraft:pink_petals":54,"minecraft:stick":11,"iceandfire:dragonbone":46,"iceandfire:dragonscales_sapphire":43,"minecraft:packed_ice":3,"car:canola_seeds":1,"minecraft:chain":2,"minecraft:spruce_sapling":3,"minecraft:gunpowder":1,"iceandfire:armor_silver_metal_chestplate":1,"iceandfire:dragonscales_blue":33,"minecraft:lantern":1,"iceandfire:dragon_skull_ice":3,"minecraft:experience_bottle":5,"minecraft:peony":1,"minecraft:wheat_seeds":2,"iceandfire:silver_sword":3,"iceandfire:dragon_ice":2,"minecraft:iron_ingot":8,"iceandfire:armor_silver_metal_leggings":1,"minecraft:cobweb":9,"minecraft:cherry_sapling":24,"minecraft:golden_apple":1,"iceandfire:ice_dragon_flesh":11,"minecraft:bamboo":14,"minecraft:oak_sapling":1,"iceandfire:silver_nugget":16,"iceandfire:ice_dragon_heart":2},"minecraft:used":{"minecraft:deepslate_tiles":797,"waystones:waystone":2,"minecraft:stone_brick_slab":15,"minecraft:sea_lantern":1,"minecraft:acacia_stairs":55,"minecraft:bamboo_mosaic":4,"accommodation_:shide":2,"minecraft:bamboo_fence":4,"minecraft:acacia_log":4,"minecraft:mangrove_stairs":3,"accommodation_:mangrove_shoji_bottom":4,"minecraft:stripped_bamboo_block":2,"true_herobrine:herobrine_spawn_egg":1,"minecraft:lantern":30,"minecraft:grass_block":15,"minecraft:ladder":18,"minecraft:polished_andesite_stairs":90,"iceandfire:crackled_stone":3,"minecraft:polished_basalt":48,"accommodation_:other_shide":9,"minecraft:stone_slab":142,"minecraft:red_terracotta":457,"minecraft:stone":4,"accommodation_:fox_statue":3,"iceandfire:dragonsteel_fire_sword":14,"minecraft:stone_bricks":217,"japaneseculture:japanese_wisteria_planks":8,"minecraft:smooth_basalt":597,"minecraft:stripped_mangrove_log":19,"minecraft:bamboo_mosaic_stairs":5,"minecraft:chiseled_stone_bricks":16,"accommodation_:mangrove_shoji_middle":33,"minecraft:dirt":6,"iceandfire:chared_stone":75,"minecraft:deepslate_tile_stairs":437,"accommodation_:hokora":6,"minecraft:acacia_fence":226,"minecraft:deepslate_tile_slab":81,"accommodation_:mangrove_shoji":16,"minecraft:gray_banner":16,"minecraft:stripped_oak_log":2,"minecraft:bamboo_mosaic_slab":22,"minecraft:cherry_log":1,"minecraft:smooth_stone":533,"alexscaves:smooth_bone":419},"minecraft:killed":{"minecraft:zombie":1,"iceandfire:ice_dragon":1,"minecraft:creeper":2},"minecraft:custom":{"minecraft:time_since_rest":114784,"minecraft:waystone_activated":3,"minecraft:sprint_one_cm":25318,"minecraft:walk_one_cm":87651,"minecraft:mob_kills":4,"minecraft:damage_dealt":3052,"minecraft:fly_one_cm":1891671,"minecraft:crouch_one_cm":4142,"minecraft:play_time":114784,"tombstone:undead_killed":1,"minecraft:sneak_time":8028,"minecraft:walk_under_water_one_cm":1379,"minecraft:jump":151,"minecraft:leave_game":7,"minecraft:time_since_death":114784,"minecraft:walk_on_water_one_cm":2732,"minecraft:total_world_time":114784,"minecraft:climb_one_cm":1532}},"DataVersion":3465}