{"stats":{"minecraft:picked_up":{"minecraft:coarse_dirt":5,"sushigocrafting:rice_seeds":1,"minecraft:ladder":1,"minecraft:clay_ball":28,"minecraft:gunpowder":2,"sushigocrafting:soy_seeds":1,"alexscaves:music_disc_fusion":1,"minecraft:dirt":11,"sushigocrafting:wasabi_seeds":1,"minecraft:wheat_seeds":2,"minecraft:bamboo":25,"minecraft:grass_block":1,"minecraft:cherry_sapling":1,"minecraft:pink_tulip":2,"minecraft:white_wool":3,"minecraft:ender_pearl":1},"minecraft:used":{"alexscaves:green_soylent":4,"minecraft:trident":43,"magic_vibe_decorations:bamboobookshelf":11,"minecraft:cherry_sapling":6,"minecraft:moss_carpet":5,"minecraft:netherite_sword":685,"citycraft:danger_eu_sign":1,"minecraft:iron_bars":14,"minecraft:flint_and_steel":3,"alexscaves:spawn_egg_tremorzilla":1,"minecraft:armor_stand":6,"minecraft:acacia_trapdoor":4,"minecraft:ladder":1,"minecraft:polished_basalt":1,"car:car_workshop_outter":29,"securitycraft:keypad_frame":4,"accommodation_:fox_statue":1,"minecraft:stone":23,"minecraft:redstone_block":20,"minecraft:mangrove_fence":16,"minecraft:diamond_axe":1,"minecraft:stripped_crimson_stem":9,"car:asphalt":2,"minecraft:glow_item_frame":1,"alexscaves:energized_galena_neutral":1,"minecraft:dirt":40,"minecraft:anvil":3,"minecraft:terracotta":6,"minecraft:mangrove_trapdoor":9,"minecraft:sculk_shrieker":3,"graveyard:dark_iron_trapdoor":4,"alexscaves:spawn_egg_nucleeper":2,"alexscaves:siren_light":6,"minecraft:milk_bucket":4,"alexscaves:smooth_bone":45,"minecraft:orange_candle":7,"magic_vibe_decorations:placeablepotions":2,"minecraft:piston":4,"alexscaves:acid_bucket":1,"graveyard:small_orange_urn":1,"minecraft:lava_bucket":10,"minecraft:mangrove_log":2,"minecraft:diamond_shovel":4,"minecraft:lantern":7,"minecraft:grass_block":91,"alexscaves:extinction_spear":215,"alexscaves:nuclear_siren":16,"iceandfire:stone_statue":6,"minecraft:red_terracotta":1,"cfm:stripped_acacia_coffee_table":34,"minecraft:cherry_leaves":1,"magic_vibe_decorations:booksstacksmall":3,"minecraft:stone_bricks":7,"magic_vibe_decorations:bigbookstack":3,"minecraft:smooth_basalt":1,"minecraft:bamboo":12,"aquaculture:neptunium_sword":101,"car:car_workshop":17,"minecraft:stripped_mangrove_log":45,"citycraft:pedestrian_tripple_traffic_light":2,"minecraft:chiseled_stone_bricks":233,"car:canola_oil_bucket":2,"minecraft:potion":2,"iceandfire:silver_pile":2,"minecraft:goat_horn":8,"flying_fox:flying_fox_spawn_egg":1,"alexscaves:music_disc_fusion":1,"minecraft:bucket":3,"minecraft:acacia_fence":30,"alexscaves:nuclear_bomb":6,"car:gas_station":2,"minecraft:splash_potion":729,"minecraft:smooth_stone":106,"minecraft:jukebox":1,"minecraft:bone_meal":159,"farmersdelight:red_hanging_canvas_sign":6},"minecraft:mined":{"minecraft:clay":8},"minecraft:killed":{"iceandfire:cyclops":1,"flying_fox:flying_fox":1,"minecraft:creeper":1,"alexscaves:nucleeper":2,"minecraft:zombie":1,"alexscaves:tremorzilla":1,"minecraft:enderman":1},"minecraft:dropped":{"japaneseculture:maneki_neko":1,"alexscaves:cave_map":1},"minecraft:custom":{"minecraft:interact_with_anvil":6,"minecraft:mob_kills":8,"minecraft:play_record":1,"minecraft:damage_dealt_resisted":6611,"minecraft:leave_game":2,"minecraft:time_since_death":345544,"minecraft:climb_one_cm":2819,"minecraft:time_since_rest":345544,"minecraft:waystone_activated":1,"minecraft:sprint_one_cm":127064,"minecraft:damage_taken":170,"minecraft:walk_one_cm":202723,"minecraft:drop":2,"minecraft:damage_dealt":42070,"minecraft:fly_one_cm":1716753,"minecraft:crouch_one_cm":16607,"minecraft:play_time":345544,"tombstone:undead_killed":1,"minecraft:sneak_time":7206,"minecraft:walk_under_water_one_cm":1159,"minecraft:jump":895,"minecraft:walk_on_water_one_cm":1157,"minecraft:total_world_time":345544,"minecraft:fall_one_cm":2630}},"DataVersion":3465}