{"stats":{"minecraft:picked_up":{"minecraft:pink_petals":88,"iceandfire:sapphire_gem":1,"minecraft:bee_nest":1,"minecraft:packed_ice":6,"minecraft:gunpowder":4,"sushigocrafting:soy_seeds":1,"iceandfire:dragonscales_blue":2,"minecraft:bone":2,"sushigocrafting:sesame_seeds":1,"minecraft:apple":1,"minecraft:wheat_seeds":1,"aquaculture:bluegill":1,"minecraft:iron_ingot":16,"minecraft:beef":6,"iceandfire:armor_silver_metal_leggings":1,"minecraft:cobweb":4,"minecraft:bamboo":66,"iceandfire:ice_dragon_heart":1,"minecraft:stick":12,"strictly_origins:damaged_skofnung":2,"car:canola_seeds":6,"japaneseculture:maneki_neko":1,"iceandfire:armor_silver_metal_boots":1,"minecraft:diamond":4,"iceandfire:dragon_ice":1,"minecraft:cherry_sapling":19,"minecraft:pink_tulip":1,"minecraft:oak_sapling":1,"iceandfire:silver_nugget":32},"minecraft:used":{"minecraft:cherry_sapling":28,"minecraft:water_bucket":3,"accommodation_:shide":3,"iceandfire:spawn_egg_ice_dragon":1,"minecraft:red_concrete":1,"japaneseculture:japanese_wisteria_fence":5,"minecraft:stone":18,"minecraft:mangrove_fence":18,"minecraft:torch":4,"minecraft:dirt":211,"minecraft:mangrove_trapdoor":6,"minecraft:deepslate_tile_slab":33,"minecraft:milk_bucket":1,"iceandfire:dragonscale_red":3,"alexscaves:smooth_bone":529,"minecraft:deepslate_tiles":323,"iceandfire:dread_torch":1,"minecraft:lava_bucket":1,"minecraft:lantern":32,"minecraft:grass_block":398,"strictly_origins:damaged_skofnung":43,"minecraft:red_terracotta":2,"minecraft:iron_door":1,"iceandfire:dragonsteel_ice_sword":9,"minecraft:stripped_mangrove_log":41,"minecraft:chiseled_stone_bricks":35,"minecraft:written_book":1,"iceandfire:dragonsteel_lightning_sword":30,"iceandfire:dread_queen_sword":24,"minecraft:deepslate_tile_stairs":15,"minecraft:acacia_fence":60,"minecraft:chain":3,"alexsmobs:animal_dictionary":4,"japaneseculture:japanese_wisteria_log":1,"minecraft:smooth_stone":141,"minecraft:brown_mushroom_block":1,"minecraft:bone_meal":170},"minecraft:killed":{"minecraft:spider":1,"minecraft:creeper":3,"minecraft:skeleton":1,"minecraft:zombie":1,"alexsmobs:elephant":1,"aqua_creepers:aqua_creeper":1,"iceandfire:ice_dragon":2,"minecraft:enderman":1,"minecraft:cow":1},"minecraft:dropped":{"iceandfire:silver_nugget":32,"japaneseculture:japanese_wisteria_fence":1,"japaneseculture:japanese_wisteria_log":1,"minecraft:golden_apple":1,"iceandfire:dragonscales_blue":2,"iceandfire:dragon_ice":1,"iceandfire:sapphire_gem":1,"minecraft:milk_bucket":1,"iceandfire:ice_dragon_heart":1,"minecraft:beef":6,"strictly_origins:damaged_skofnung":2,"minecraft:written_book":1},"minecraft:custom":{"minecraft:mob_kills":12,"minecraft:leave_game":5,"minecraft:time_since_death":210983,"minecraft:climb_one_cm":1845,"minecraft:time_since_rest":210983,"minecraft:sprint_one_cm":70913,"minecraft:walk_one_cm":172579,"minecraft:damage_taken":70,"minecraft:drop":33,"minecraft:damage_dealt":7673,"minecraft:swim_one_cm":3000,"minecraft:fly_one_cm":1821371,"minecraft:open_chest":6,"minecraft:crouch_one_cm":7780,"minecraft:play_time":210983,"tombstone:undead_killed":2,"minecraft:sneak_time":12876,"minecraft:walk_under_water_one_cm":33444,"minecraft:jump":891,"minecraft:walk_on_water_one_cm":13126,"minecraft:total_world_time":210983,"minecraft:fall_one_cm":1176}},"DataVersion":3465}