{"stats":{"minecraft:custom":{"minecraft:time_since_rest":1278,"enigmaticlegacy:play_time_with_seven_curses":0,"minecraft:waystone_activated":2,"lootr:looted_stat":2,"minecraft:sprint_one_cm":59644,"minecraft:walk_one_cm":277533,"minecraft:mob_kills":39,"minecraft:drop":1,"minecraft:damage_dealt":7645,"enigmaticlegacy:play_time_without_seven_curses":39930,"minecraft:fly_one_cm":1449043,"minecraft:open_barrel":1,"minecraft:open_chest":1,"minecraft:crouch_one_cm":26377,"minecraft:play_time":121014,"tombstone:undead_killed":13,"minecraft:deaths":1,"minecraft:sneak_time":14549,"minecraft:walk_under_water_one_cm":2011,"minecraft:jump":975,"minecraft:sleep_in_bed":1,"minecraft:time_since_death":21377,"minecraft:leave_game":13,"minecraft:walk_on_water_one_cm":765,"minecraft:climb_one_cm":2891,"minecraft:total_world_time":121014,"minecraft:fall_one_cm":4575},"minecraft:mined":{"minecraft:spruce_leaves":2},"minecraft:dropped":{"minecraft:creeper_spawn_egg":1},"minecraft:used":{"minecraft:netherite_sword":80,"minecraft:grass_block":30,"minecraft:oak_sign":2,"minecraft:stone":7,"accommodation_:other_shide":2,"minecraft:red_terracotta":1,"minecraft:glow_ink_sac":2,"accommodation_:tea_set":1,"minecraft:gravel":8,"minecraft:diamond_sword":2,"minecraft:rotten_flesh":1,"minecraft:stripped_mangrove_log":6,"minecraft:dirt":179,"flying_fox:flying_fox_spawn_egg":1,"minecraft:white_bed":1,"tombstone:gift":2,"dhf:fox_head":1,"minecraft:smooth_stone":144},"minecraft:picked_up":{"iceandfire:dragonbone":7,"minecraft:sweet_berries":2,"dhf:fox_head":2,"iceandfire:dragonscales_sapphire":13,"dhf:fox_tail":2,"minecraft:spruce_sapling":1,"tombstone:grave_dust":1,"minecraft:gunpowder":7,"minecraft:spider_eye":1,"iceandfire:dragon_skull_ice":1,"minecraft:arrow":2,"minecraft:bone":5,"minecraft:rotten_flesh":17,"aquaculture:bluegill":1,"minecraft:creeper_spawn_egg":1,"iceandfire:ice_dragon_flesh":6,"gnomed:gnome_hat":7,"alexsmobs:maggot":1,"minecraft:bamboo":4,"iceandfire:ice_dragon_heart":1},"minecraft:killed":{"minecraft:skeleton":5,"minecraft:zombie":8,"aquaculture:bluegill":1,"aqua_creepers:aqua_creeper":2,"iceandfire:ice_dragon":1,"minecraft:spider":1,"gnomed:gnome":17,"alexsmobs:fly":1,"minecraft:creeper":3}},"DataVersion":3465}