{"stats":{"minecraft:used":{"minecraft:mutton":2,"minecraft:crafting_table":1,"minecraft:spruce_log":2},"minecraft:custom":{"minecraft:time_since_rest":6310,"minecraft:sprint_one_cm":11148,"minecraft:play_time":6310,"minecraft:damage_taken":50,"minecraft:walk_one_cm":16809,"minecraft:mob_kills":1,"minecraft:jump":110,"minecraft:damage_dealt":130,"minecraft:leave_game":3,"minecraft:time_since_death":6310,"minecraft:total_world_time":6310,"minecraft:interact_with_crafting_table":1,"minecraft:fall_one_cm":3277,"minecraft:fly_one_cm":13101},"minecraft:mined":{"minecraft:spruce_leaves":1,"minecraft:spruce_log":4,"minecraft:oak_leaves":1,"minecraft:fern":2},"minecraft:killed":{"minecraft:sheep":1},"minecraft:picked_up":{"minecraft:spruce_log":4,"minecraft:mutton":2,"minecraft:white_wool":1},"minecraft:crafted":{"minecraft:crafting_table":1,"minecraft:spruce_planks":8}},"DataVersion":3465}