{
  "aquaculture:recipes/aquaculture/heavy_hook": {
    "criteria": {
      "has_items": "2024-07-02 00:26:45 +0000"
    },
    "done": true
  },
  "aquaculture:recipes/decorations/birch_fish_mount": {
    "criteria": {
      "has_items": "2024-07-02 00:26:45 +0000"
    },
    "done": true
  },
  "aquaculture:recipes/misc/neptunium_ingot_from_neptunium_block": {
    "criteria": {
      "has_items": "2024-07-02 00:26:45 +0000"
    },
    "done": true
  },
  "aquaculture:recipes/misc/iron_nugget_from_smelting": {
    "criteria": {
      "has_fishing_rod": "2024-07-02 00:26:45 +0000",
      "has_fillet_knife": "2024-07-02 00:26:45 +0000"
    },
    "done": true
  },
  "1_splatus:ultris/root": {
    "criteria": {
      "c1": "2024-07-02 00:26:45 +0000"
    },
    "done": true
  },
  "minecraft:recipes/decorations/crafting_table": {
    "criteria": {
      "unlock_right_away": "2024-07-02 00:26:45 +0000"
    },
    "done": true
  },
  "aquaculture:recipes/tools/golden_fishing_rod": {
    "criteria": {
      "has_vanilla_rod": "2024-07-02 00:26:45 +0000"
    },
    "done": true
  },
  "aquaculture:recipes/misc/gold_nugget_from_smelting": {
    "criteria": {
      "has_fishing_rod": "2024-07-02 00:26:45 +0000",
      "has_fillet_knife": "2024-07-02 00:26:45 +0000"
    },
    "done": true
  },
  "aquaculture:recipes/misc/bonemeal_from_fish_bones": {
    "criteria": {
      "has_items": "2024-07-02 00:26:45 +0000"
    },
    "done": true
  },
  "iceandfire:iceandfire/root": {
    "criteria": {
      "tick": "2024-07-02 00:26:45 +0000"
    },
    "done": true
  },
  "aquaculture:recipes/misc/brown_mushroom_from_fish": {
    "criteria": {
      "has_items": "2024-07-02 00:26:45 +0000"
    },
    "done": true
  },
  "aquaculture:recipes/misc/neptinium_ingot_from_blasting": {
    "criteria": {
      "has_leggings": "2024-07-02 00:26:45 +0000",
      "has_axe": "2024-07-02 00:26:45 +0000",
      "has_helmet": "2024-07-02 00:26:45 +0000",
      "has_fishing_rod": "2024-07-02 00:26:45 +0000",
      "has_bow": "2024-07-02 00:26:45 +0000",
      "has_chestplate": "2024-07-02 00:26:45 +0000",
      "has_sword": "2024-07-02 00:26:45 +0000",
      "has_fillet_knife": "2024-07-02 00:26:45 +0000",
      "has_shovel": "2024-07-02 00:26:45 +0000",
      "has_hoe": "2024-07-02 00:26:45 +0000",
      "has_boots": "2024-07-02 00:26:45 +0000",
      "has_pickaxe": "2024-07-02 00:26:45 +0000"
    },
    "done": true
  },
  "aquaculture:recipes/decorations/dark_oak_fish_mount": {
    "criteria": {
      "has_items": "2024-07-02 00:26:45 +0000"
    },
    "done": true
  },
  "aquaculture:recipes/decorations/acacia_fish_mount": {
    "criteria": {
      "has_items": "2024-07-02 00:26:45 +0000"
    },
    "done": true
  },
  "aquaculture:recipes/aquaculture/diamond_hook": {
    "criteria": {
      "has_items": "2024-07-02 00:26:45 +0000"
    },
    "done": true
  },
  "betterdungeons:root": {
    "criteria": {
      "always": "2024-07-02 00:26:45 +0000"
    },
    "done": true
  },
  "aquaculture:recipes/food/sushi": {
    "criteria": {
      "has_alt_items": "2024-07-02 00:26:45 +0000",
      "has_items": "2024-07-02 00:26:45 +0000"
    },
    "done": true
  },
  "aquaculture:recipes/aquaculture/light_hook": {
    "criteria": {
      "has_items": "2024-07-02 00:26:45 +0000"
    },
    "done": true
  },
  "aquaculture:recipes/misc/red_mushroom_from_fish": {
    "criteria": {
      "has_items": "2024-07-02 00:26:45 +0000"
    },
    "done": true
  },
  "aquaculture:recipes/building_blocks/planks_from_driftwood": {
    "criteria": {
      "has_items": "2024-07-02 00:26:45 +0000"
    },
    "done": true
  },
  "tombstone:adventure/root": {
    "criteria": {
      "auto": "2024-07-02 00:26:45 +0000"
    },
    "done": true
  },
  "aquaculture:recipes/aquaculture/worm_farm": {
    "criteria": {
      "has_items": "2024-07-02 00:26:45 +0000"
    },
    "done": true
  },
  "aquaculture:recipes/tools/iron_fishing_rod": {
    "criteria": {
      "has_vanilla_rod": "2024-07-02 00:26:45 +0000"
    },
    "done": true
  },
  "aquaculture:recipes/aquaculture/note_hook": {
    "criteria": {
      "has_items": "2024-07-02 00:26:45 +0000"
    },
    "done": true
  },
  "aquaculture:recipes/food/cooked_fish_fillet_from_campfire": {
    "criteria": {
      "has_items": "2024-07-02 00:26:45 +0000"
    },
    "done": true
  },
  "aquaculture:recipes/aquaculture/gold_hook": {
    "criteria": {
      "has_items": "2024-07-02 00:26:45 +0000"
    },
    "done": true
  },
  "aquaculture:recipes/decorations/oak_fish_mount": {
    "criteria": {
      "has_items": "2024-07-02 00:26:45 +0000"
    },
    "done": true
  },
  "aquaculture:recipes/decorations/spruce_fish_mount": {
    "criteria": {
      "has_items": "2024-07-02 00:26:45 +0000"
    },
    "done": true
  },
  "aquaculture:recipes/aquaculture/double_hook": {
    "criteria": {
      "has_items": "2024-07-02 00:26:45 +0000"
    },
    "done": true
  },
  "aquaculture:recipes/aquaculture/fishing_line": {
    "criteria": {
      "has_items": "2024-07-02 00:26:45 +0000"
    },
    "done": true
  },
  "aquaculture:recipes/misc/tin_can_to_iron_nugget_from_blasting": {
    "criteria": {
      "has_items": "2024-07-02 00:26:45 +0000"
    },
    "done": true
  },
  "aquaculture:recipes/aquaculture/iron_hook": {
    "criteria": {
      "has_items": "2024-07-02 00:26:45 +0000"
    },
    "done": true
  },
  "aquaculture:recipes/misc/jellyfish_to_slimeball": {
    "criteria": {
      "has_items": "2024-07-02 00:26:45 +0000"
    },
    "done": true
  },
  "aquaculture:recipes/aquaculture/redstone_hook": {
    "criteria": {
      "has_items": "2024-07-02 00:26:45 +0000"
    },
    "done": true
  },
  "aquaculture:recipes/misc/gold_nugget_from_blasting": {
    "criteria": {
      "has_fishing_rod": "2024-07-02 00:26:45 +0000",
      "has_fillet_knife": "2024-07-02 00:26:45 +0000"
    },
    "done": true
  },
  "aquaculture:recipes/aquaculture/bobber": {
    "criteria": {
      "has_items": "2024-07-02 00:26:45 +0000"
    },
    "done": true
  },
  "aquaculture:recipes/misc/gold_nugget_from_gold_fish": {
    "criteria": {
      "has_items": "2024-07-02 00:26:45 +0000"
    },
    "done": true
  },
  "aquaculture:recipes/food/cooked_fish_fillet_from_smoking": {
    "criteria": {
      "has_items": "2024-07-02 00:26:45 +0000"
    },
    "done": true
  },
  "aquaculture:recipes/tools/diamond_fishing_rod": {
    "criteria": {
      "has_vanilla_rod": "2024-07-02 00:26:45 +0000"
    },
    "done": true
  },
  "farmersdelight:main/root": {
    "criteria": {
      "seeds": "2024-07-02 00:26:45 +0000"
    },
    "done": true
  },
  "aquaculture:recipes/food/cooked_fish_fillet": {
    "criteria": {
      "has_items": "2024-07-02 00:26:45 +0000"
    },
    "done": true
  },
  "minecraft:adventure/adventuring_time": {
    "criteria": {
      "minecraft:taiga": "2024-07-02 00:26:45 +0000",
      "minecraft:cherry_grove": "2024-07-02 00:32:30 +0000",
      "minecraft:savanna_plateau": "2024-07-02 03:05:50 +0000",
      "minecraft:river": "2024-07-02 00:29:37 +0000",
      "minecraft:meadow": "2024-07-02 03:05:17 +0000",
      "minecraft:plains": "2024-07-02 03:00:07 +0000"
    },
    "done": false
  },
  "aquaculture:recipes/misc/neptunium_ingot_from_nuggets": {
    "criteria": {
      "has_items": "2024-07-02 00:26:45 +0000"
    },
    "done": true
  },
  "aquaculture:recipes/misc/iron_nugget_from_blasting": {
    "criteria": {
      "has_fishing_rod": "2024-07-02 00:26:45 +0000",
      "has_fillet_knife": "2024-07-02 00:26:45 +0000"
    },
    "done": true
  },
  "aquaculture:recipes/misc/tin_can_to_iron_nugget": {
    "criteria": {
      "has_items": "2024-07-02 00:26:45 +0000"
    },
    "done": true
  },
  "aquaculture:recipes/decorations/jungle_fish_mount": {
    "criteria": {
      "has_items": "2024-07-02 00:26:45 +0000"
    },
    "done": true
  },
  "minecraft:recipes/building_blocks/stone_bricks": {
    "criteria": {
      "has_stone": "2024-07-02 00:32:12 +0000"
    },
    "done": true
  },
  "minecraft:recipes/building_blocks/stone_bricks_from_stone_stonecutting": {
    "criteria": {
      "has_stone": "2024-07-02 00:32:12 +0000"
    },
    "done": true
  },
  "minecraft:recipes/building_blocks/stone_slab": {
    "criteria": {
      "has_stone": "2024-07-02 00:32:12 +0000"
    },
    "done": true
  },
  "minecraft:recipes/building_blocks/stone_stairs_from_stone_stonecutting": {
    "criteria": {
      "has_stone": "2024-07-02 00:32:12 +0000"
    },
    "done": true
  },
  "minecraft:recipes/redstone/stone_button": {
    "criteria": {
      "has_stone": "2024-07-02 00:32:12 +0000"
    },
    "done": true
  },
  "minecraft:recipes/redstone/stone_pressure_plate": {
    "criteria": {
      "has_stone": "2024-07-02 00:32:12 +0000"
    },
    "done": true
  },
  "minecraft:recipes/building_blocks/stone_stairs": {
    "criteria": {
      "has_stone": "2024-07-02 00:32:12 +0000"
    },
    "done": true
  },
  "cfm:recipes/decorations/rock_path": {
    "criteria": {
      "has_stone": "2024-07-02 00:32:12 +0000"
    },
    "done": true
  },
  "minecraft:recipes/decorations/stonecutter": {
    "criteria": {
      "has_stone": "2024-07-02 00:32:12 +0000"
    },
    "done": true
  },
  "minecraft:recipes/building_blocks/smooth_stone": {
    "criteria": {
      "has_stone": "2024-07-02 00:32:12 +0000"
    },
    "done": true
  },
  "minecraft:recipes/decorations/stone_brick_walls_from_stone_stonecutting": {
    "criteria": {
      "has_stone": "2024-07-02 00:32:12 +0000"
    },
    "done": true
  },
  "minecraft:recipes/building_blocks/stone_brick_slab_from_stone_stonecutting": {
    "criteria": {
      "has_stone": "2024-07-02 00:32:12 +0000"
    },
    "done": true
  },
  "minecraft:recipes/building_blocks/stone_brick_stairs_from_stone_stonecutting": {
    "criteria": {
      "has_stone": "2024-07-02 00:32:12 +0000"
    },
    "done": true
  },
  "minecraft:recipes/building_blocks/stone_slab_from_stone_stonecutting": {
    "criteria": {
      "has_stone": "2024-07-02 00:32:12 +0000"
    },
    "done": true
  },
  "minecraft:recipes/building_blocks/chiseled_stone_bricks_stone_from_stonecutting": {
    "criteria": {
      "has_stone": "2024-07-02 00:32:12 +0000"
    },
    "done": true
  },
  "iceandfire:iceandfire/dragonsteel_weapon": {
    "criteria": {
      "sword": "2024-07-02 00:32:57 +0000"
    },
    "done": true
  },
  "iceandfire:recipes/misc/dragon_ice_spikes": {
    "criteria": {
      "has_item": "2024-07-02 00:33:11 +0000"
    },
    "done": true
  },
  "iceandfire:iceandfire/kill_if_dragon": {
    "criteria": {
      "killed_ice_dragon": "2024-07-02 00:33:13 +0000"
    },
    "done": true
  },
  "minecraft:adventure/root": {
    "criteria": {
      "killed_something": "2024-07-02 00:33:13 +0000"
    },
    "done": true
  },
  "naturescompass:natures_compass": {
    "criteria": {
      "has_recipe": "2024-07-02 00:33:19 +0000"
    },
    "done": true
  },
  "naturescompass:natures_compass_log": {
    "criteria": {
      "has_recipe": "2024-07-02 00:33:19 +0000"
    },
    "done": true
  },
  "naturescompass:natures_compass_sapling": {
    "criteria": {
      "has_sapling": "2024-07-02 00:33:19 +0000"
    },
    "done": true
  },
  "iceandfire:recipes/misc/dragon_bone_wall": {
    "criteria": {
      "has_item": "2024-07-02 00:33:24 +0000"
    },
    "done": true
  },
  "iceandfire:recipes/misc/dragon_flute": {
    "criteria": {
      "has_item": "2024-07-02 00:33:24 +0000"
    },
    "done": true
  },
  "iceandfire:recipes/misc/nest": {
    "criteria": {
      "has_item": "2024-07-02 00:33:24 +0000"
    },
    "done": true
  },
  "iceandfire:recipes/combat/dragonbone_bow": {
    "criteria": {
      "has_item": "2024-07-02 00:33:24 +0000"
    },
    "done": true
  },
  "iceandfire:recipes/building_blocks/dragon_bone_block": {
    "criteria": {
      "has_dragonbone": "2024-07-02 00:33:24 +0000"
    },
    "done": true
  },
  "iceandfire:recipes/tools/dragonbone_hoe": {
    "criteria": {
      "has_item": "2024-07-02 00:33:24 +0000"
    },
    "done": true
  },
  "iceandfire:recipes/tools/dragonbone_shovel": {
    "criteria": {
      "has_item": "2024-07-02 00:33:24 +0000"
    },
    "done": true
  },
  "iceandfire:recipes/tools/dragonbone_axe": {
    "criteria": {
      "has_item": "2024-07-02 00:33:24 +0000"
    },
    "done": true
  },
  "iceandfire:recipes/tools/dragonbone_pickaxe": {
    "criteria": {
      "has_item": "2024-07-02 00:33:24 +0000"
    },
    "done": true
  },
  "iceandfire:recipes/tools/dragonbone_sword": {
    "criteria": {
      "has_item": "2024-07-02 00:33:24 +0000"
    },
    "done": true
  },
  "iceandfire:recipes/misc/dragon_horn": {
    "criteria": {
      "has_item": "2024-07-02 00:33:24 +0000"
    },
    "done": true
  },
  "iceandfire:recipes/misc/skull_to_bone_meal": {
    "criteria": {
      "has_item": "2024-07-02 00:33:25 +0000"
    },
    "done": true
  },
  "iceandfire:recipes/misc/dragon_stick": {
    "criteria": {
      "has_item": "2024-07-02 00:33:25 +0000"
    },
    "done": true
  },
  "iceandfire:recipes/combat/armor_blue_leggings": {
    "criteria": {
      "has_item": "2024-07-02 00:33:26 +0000"
    },
    "done": true
  },
  "iceandfire:recipes/building_blocks/dragonscales_blue_to_dragonscale_blue": {
    "criteria": {
      "has_dragonscales_blue": "2024-07-02 00:33:26 +0000"
    },
    "done": true
  },
  "iceandfire:recipes/combat/armor_blue_boots": {
    "criteria": {
      "has_item": "2024-07-02 00:33:26 +0000"
    },
    "done": true
  },
  "iceandfire:recipes/combat/armor_blue_chestplate": {
    "criteria": {
      "has_item": "2024-07-02 00:33:26 +0000"
    },
    "done": true
  },
  "iceandfire:recipes/combat/armor_blue_helmet": {
    "criteria": {
      "has_item": "2024-07-02 00:33:26 +0000"
    },
    "done": true
  },
  "adhooks:recipes/tools/web_hook": {
    "criteria": {
      "has_item": "2024-07-02 00:33:57 +0000"
    },
    "done": true
  },
  "minecraft:recipes/misc/blue_ice_from_freezing": {
    "criteria": {
      "has_packed_ice": "2024-07-02 00:33:58 +0000"
    },
    "done": true
  },
  "minecraft:recipes/building_blocks/blue_ice": {
    "criteria": {
      "has_packed_ice": "2024-07-02 00:33:58 +0000"
    },
    "done": true
  },
  "minecraft:recipes/combat/chainmail_helmet": {
    "criteria": {
      "has_item": "2024-07-02 00:34:00 +0000"
    },
    "done": true
  },
  "minecraft:recipes/combat/chainmail_leggings": {
    "criteria": {
      "has_item": "2024-07-02 00:34:00 +0000"
    },
    "done": true
  },
  "iceandfire:recipes/misc/chain": {
    "criteria": {
      "has_item": "2024-07-02 00:34:00 +0000"
    },
    "done": true
  },
  "minecraft:recipes/combat/chainmail_boots": {
    "criteria": {
      "has_item": "2024-07-02 00:34:00 +0000"
    },
    "done": true
  },
  "minecraft:recipes/combat/chainmail_chestplate": {
    "criteria": {
      "has_item": "2024-07-02 00:34:00 +0000"
    },
    "done": true
  },
  "securitycraft:recipes/misc/sentry": {
    "criteria": {
      "has_iron": "2024-07-02 00:34:03 +0000"
    },
    "done": true
  },
  "cfm:recipes/decorations/blue_grill": {
    "criteria": {
      "has_iron": "2024-07-02 00:34:03 +0000"
    },
    "done": true
  },
  "cfm:recipes/decorations/light_blue_grill": {
    "criteria": {
      "has_iron": "2024-07-02 00:34:03 +0000"
    },
    "done": true
  },
  "cfm:recipes/decorations/brown_grill": {
    "criteria": {
      "has_iron": "2024-07-02 00:34:03 +0000"
    },
    "done": true
  },
  "minecraft:recipes/combat/iron_helmet": {
    "criteria": {
      "has_iron_ingot": "2024-07-02 00:34:03 +0000"
    },
    "done": true
  },
  "securitycraft:recipes/decorations/floor_trap": {
    "criteria": {
      "has_iron": "2024-07-02 00:34:03 +0000"
    },
    "done": true
  },
  "nethersdelight:recipes/decorations/blackstone_blast_furnace": {
    "criteria": {
      "has_iron": "2024-07-02 00:34:03 +0000"
    },
    "done": true
  },
  "cfm:recipes/decorations/fridge_dark": {
    "criteria": {
      "has_iron": "2024-07-02 00:34:03 +0000"
    },
    "done": true
  },
  "securitycraft:recipes/misc/storage_module": {
    "criteria": {
      "has_iron": "2024-07-02 00:34:03 +0000"
    },
    "done": true
  },
  "minecraft:recipes/decorations/chest": {
    "criteria": {
      "has_lots_of_items": "2024-07-02 00:34:03 +0000"
    },
    "done": true
  },
  "cfm:recipes/decorations/black_trampoline": {
    "criteria": {
      "has_iron": "2024-07-02 00:34:03 +0000"
    },
    "done": true
  },
  "minecraft:recipes/tools/shears": {
    "criteria": {
      "has_iron_ingot": "2024-07-02 00:34:03 +0000"
    },
    "done": true
  },
  "cfm:recipes/decorations/yellow_grill": {
    "criteria": {
      "has_iron": "2024-07-02 00:34:03 +0000"
    },
    "done": true
  },
  "cfm:recipes/decorations/fridge_light": {
    "criteria": {
      "has_iron": "2024-07-02 00:34:03 +0000"
    },
    "done": true
  },
  "minecraft:recipes/building_blocks/iron_block": {
    "criteria": {
      "has_iron_ingot": "2024-07-02 00:34:03 +0000"
    },
    "done": true
  },
  "farmersdelight:recipes/decorations/cooking_pot": {
    "criteria": {
      "has_iron_ingot": "2024-07-02 00:34:03 +0000"
    },
    "done": true
  },
  "securitycraft:recipes/transportation/track_mine": {
    "criteria": {
      "has_iron": "2024-07-02 00:34:03 +0000"
    },
    "done": true
  },
  "cfm:recipes/decorations/blue_trampoline": {
    "criteria": {
      "has_iron": "2024-07-02 00:34:03 +0000"
    },
    "done": true
  },
  "securitycraft:recipes/misc/whitelist_module": {
    "criteria": {
      "has_iron": "2024-07-02 00:34:03 +0000"
    },
    "done": true
  },
  "cfm:recipes/decorations/lime_trampoline": {
    "criteria": {
      "has_iron": "2024-07-02 00:34:03 +0000"
    },
    "done": true
  },
  "securitycraft:recipes/misc/security_camera": {
    "criteria": {
      "has_iron": "2024-07-02 00:34:03 +0000"
    },
    "done": true
  },
  "cfm:recipes/decorations/white_grill": {
    "criteria": {
      "has_iron": "2024-07-02 00:34:03 +0000"
    },
    "done": true
  },
  "minecraft:recipes/redstone/hopper": {
    "criteria": {
      "has_iron_ingot": "2024-07-02 00:34:03 +0000"
    },
    "done": true
  },
  "cfm:recipes/decorations/yellow_trampoline": {
    "criteria": {
      "has_iron": "2024-07-02 00:34:03 +0000"
    },
    "done": true
  },
  "securitycraft:recipes/misc/briefcase": {
    "criteria": {
      "has_iron": "2024-07-02 00:34:03 +0000"
    },
    "done": true
  },
  "securitycraft:recipes/redstone/reinforced_fence_gate": {
    "criteria": {
      "has_iron": "2024-07-02 00:34:03 +0000"
    },
    "done": true
  },
  "cfm:recipes/decorations/orange_trampoline": {
    "criteria": {
      "has_iron": "2024-07-02 00:34:03 +0000"
    },
    "done": true
  },
  "securitycraft:recipes/misc/electrified_iron_fence": {
    "criteria": {
      "has_iron": "2024-07-02 00:34:03 +0000"
    },
    "done": true
  },
  "securitycraft:recipes/misc/keycard_lv5": {
    "criteria": {
      "has_iron": "2024-07-02 00:34:03 +0000"
    },
    "done": true
  },
  "securitycraft:recipes/misc/keycard_lv3": {
    "criteria": {
      "has_iron": "2024-07-02 00:34:03 +0000"
    },
    "done": true
  },
  "securitycraft:recipes/misc/keycard_lv4": {
    "criteria": {
      "has_iron": "2024-07-02 00:34:03 +0000"
    },
    "done": true
  },
  "securitycraft:recipes/misc/keycard_lv1": {
    "criteria": {
      "has_iron": "2024-07-02 00:34:03 +0000"
    },
    "done": true
  },
  "securitycraft:recipes/misc/keycard_lv2": {
    "criteria": {
      "has_iron": "2024-07-02 00:34:03 +0000"
    },
    "done": true
  },
  "minecraft:recipes/combat/iron_boots": {
    "criteria": {
      "has_iron_ingot": "2024-07-02 00:34:03 +0000"
    },
    "done": true
  },
  "minecraft:recipes/decorations/lantern": {
    "criteria": {
      "has_iron_ingot": "2024-07-02 00:34:03 +0000"
    },
    "done": true
  },
  "securitycraft:recipes/misc/mine": {
    "criteria": {
      "has_iron": "2024-07-02 00:34:03 +0000"
    },
    "done": true
  },
  "cfm:recipes/decorations/gray_grill": {
    "criteria": {
      "has_iron": "2024-07-02 00:34:03 +0000"
    },
    "done": true
  },
  "cfm:recipes/decorations/red_trampoline": {
    "criteria": {
      "has_iron": "2024-07-02 00:34:03 +0000"
    },
    "done": true
  },
  "minecraft:recipes/tools/iron_shovel": {
    "criteria": {
      "has_iron_ingot": "2024-07-02 00:34:03 +0000"
    },
    "done": true
  },
  "nethersdelight:recipes/tools/iron_machete": {
    "criteria": {
      "has_iron_ingot": "2024-07-02 00:34:03 +0000"
    },
    "done": true
  },
  "cfm:recipes/decorations/magenta_grill": {
    "criteria": {
      "has_iron": "2024-07-02 00:34:03 +0000"
    },
    "done": true
  },
  "cfm:recipes/decorations/pink_grill": {
    "criteria": {
      "has_iron": "2024-07-02 00:34:03 +0000"
    },
    "done": true
  },
  "cfm:recipes/decorations/gray_trampoline": {
    "criteria": {
      "has_iron": "2024-07-02 00:34:03 +0000"
    },
    "done": true
  },
  "cfm:recipes/decorations/brown_trampoline": {
    "criteria": {
      "has_iron": "2024-07-02 00:34:03 +0000"
    },
    "done": true
  },
  "cfm:recipes/decorations/black_grill": {
    "criteria": {
      "has_iron": "2024-07-02 00:34:03 +0000"
    },
    "done": true
  },
  "securitycraft:recipes/misc/trophy_system": {
    "criteria": {
      "has_iron": "2024-07-02 00:34:03 +0000"
    },
    "done": true
  },
  "minecraft:recipes/redstone/iron_trapdoor": {
    "criteria": {
      "has_iron_ingot": "2024-07-02 00:34:03 +0000"
    },
    "done": true
  },
  "minecraft:recipes/combat/crossbow": {
    "criteria": {
      "has_iron_ingot": "2024-07-02 00:34:03 +0000"
    },
    "done": true
  },
  "cfm:recipes/decorations/light_blue_trampoline": {
    "criteria": {
      "has_iron": "2024-07-02 00:34:03 +0000"
    },
    "done": true
  },
  "securitycraft:recipes/misc/speed_module": {
    "criteria": {
      "has_iron": "2024-07-02 00:34:03 +0000"
    },
    "done": true
  },
  "securitycraft:recipes/misc/camera_monitor": {
    "criteria": {
      "has_iron": "2024-07-02 00:34:03 +0000"
    },
    "done": true
  },
  "farmersdelight:recipes/combat/iron_knife": {
    "criteria": {
      "has_iron_ingot": "2024-07-02 00:34:03 +0000"
    },
    "done": true
  },
  "securitycraft:recipes/misc/redstone_module": {
    "criteria": {
      "has_iron": "2024-07-02 00:34:03 +0000"
    },
    "done": true
  },
  "securitycraft:recipes/misc/door_indestructible_iron_item": {
    "criteria": {
      "has_iron": "2024-07-02 00:34:03 +0000"
    },
    "done": true
  },
  "securitycraft:recipes/tools/universal_block_remover": {
    "criteria": {
      "has_iron": "2024-07-02 00:34:03 +0000"
    },
    "done": true
  },
  "minecraft:recipes/redstone/heavy_weighted_pressure_plate": {
    "criteria": {
      "has_iron_ingot": "2024-07-02 00:34:03 +0000"
    },
    "done": true
  },
  "minecraft:recipes/combat/iron_leggings": {
    "criteria": {
      "has_iron_ingot": "2024-07-02 00:34:03 +0000"
    },
    "done": true
  },
  "securitycraft:recipes/misc/blacklist_module": {
    "criteria": {
      "has_iron": "2024-07-02 00:34:03 +0000"
    },
    "done": true
  },
  "minecraft:recipes/combat/iron_chestplate": {
    "criteria": {
      "has_iron_ingot": "2024-07-02 00:34:03 +0000"
    },
    "done": true
  },
  "securitycraft:recipes/misc/limited_use_keycard": {
    "criteria": {
      "has_iron": "2024-07-02 00:34:03 +0000"
    },
    "done": true
  },
  "securitycraft:recipes/misc/bouncing_betty": {
    "criteria": {
      "has_iron": "2024-07-02 00:34:03 +0000"
    },
    "done": true
  },
  "minecraft:recipes/misc/iron_nugget": {
    "criteria": {
      "has_iron_ingot": "2024-07-02 00:34:03 +0000"
    },
    "done": true
  },
  "cfm:recipes/decorations/light_gray_grill": {
    "criteria": {
      "has_iron": "2024-07-02 00:34:03 +0000"
    },
    "done": true
  },
  "cfm:recipes/decorations/green_grill": {
    "criteria": {
      "has_iron": "2024-07-02 00:34:03 +0000"
    },
    "done": true
  },
  "minecraft:recipes/misc/bucket": {
    "criteria": {
      "has_iron_ingot": "2024-07-02 00:34:03 +0000"
    },
    "done": true
  },
  "securitycraft:recipes/misc/disguise_module": {
    "criteria": {
      "has_iron": "2024-07-02 00:34:03 +0000"
    },
    "done": true
  },
  "minecraft:recipes/transportation/minecart": {
    "criteria": {
      "has_iron_ingot": "2024-07-02 00:34:03 +0000"
    },
    "done": true
  },
  "minecraft:recipes/tools/iron_hoe": {
    "criteria": {
      "has_iron_ingot": "2024-07-02 00:34:03 +0000"
    },
    "done": true
  },
  "cfm:recipes/tools/spatula": {
    "criteria": {
      "has_iron": "2024-07-02 00:34:03 +0000"
    },
    "done": true
  },
  "cfm:recipes/decorations/pink_trampoline": {
    "criteria": {
      "has_iron": "2024-07-02 00:34:03 +0000"
    },
    "done": true
  },
  "securitycraft:recipes/redstone/block_change_detector": {
    "criteria": {
      "has_iron": "2024-07-02 00:34:03 +0000"
    },
    "done": true
  },
  "cfm:recipes/decorations/purple_grill": {
    "criteria": {
      "has_iron": "2024-07-02 00:34:03 +0000"
    },
    "done": true
  },
  "minecraft:story/smelt_iron": {
    "criteria": {
      "iron": "2024-07-02 00:34:03 +0000"
    },
    "done": true
  },
  "aquaculture:recipes/tools/iron_fillet_knife": {
    "criteria": {
      "has_items": "2024-07-02 00:34:03 +0000"
    },
    "done": true
  },
  "minecraft:recipes/decorations/chain": {
    "criteria": {
      "has_iron_ingot": "2024-07-02 00:34:03 +0000"
    },
    "done": true
  },
  "minecraft:recipes/decorations/smithing_table": {
    "criteria": {
      "has_iron_ingot": "2024-07-02 00:34:03 +0000"
    },
    "done": true
  },
  "cfm:recipes/decorations/light_gray_trampoline": {
    "criteria": {
      "has_iron": "2024-07-02 00:34:03 +0000"
    },
    "done": true
  },
  "minecraft:recipes/combat/iron_sword": {
    "criteria": {
      "has_iron_ingot": "2024-07-02 00:34:03 +0000"
    },
    "done": true
  },
  "minecraft:recipes/tools/iron_pickaxe": {
    "criteria": {
      "has_iron_ingot": "2024-07-02 00:34:03 +0000"
    },
    "done": true
  },
  "minecraft:recipes/combat/shield": {
    "criteria": {
      "has_iron_ingot": "2024-07-02 00:34:03 +0000"
    },
    "done": true
  },
  "minecraft:recipes/decorations/iron_bars": {
    "criteria": {
      "has_iron_ingot": "2024-07-02 00:34:03 +0000"
    },
    "done": true
  },
  "cfm:recipes/decorations/white_trampoline": {
    "criteria": {
      "has_iron": "2024-07-02 00:34:03 +0000"
    },
    "done": true
  },
  "iceandfire:recipes/building_blocks/silver_nugget_to_silver_ingot": {
    "criteria": {
      "has_silver_nugget": "2024-07-02 00:34:03 +0000"
    },
    "done": true
  },
  "cfm:recipes/decorations/post_box": {
    "criteria": {
      "has_iron": "2024-07-02 00:34:03 +0000"
    },
    "done": true
  },
  "cfm:recipes/decorations/cyan_trampoline": {
    "criteria": {
      "has_iron": "2024-07-02 00:34:03 +0000"
    },
    "done": true
  },
  "hangglider:recipes/tools/glider_framework": {
    "criteria": {
      "has_iron_ingot": "2024-07-02 00:34:03 +0000"
    },
    "done": true
  },
  "securitycraft:recipes/misc/harming_module": {
    "criteria": {
      "has_iron": "2024-07-02 00:34:03 +0000"
    },
    "done": true
  },
  "securitycraft:recipes/misc/smart_module": {
    "criteria": {
      "has_iron": "2024-07-02 00:34:03 +0000"
    },
    "done": true
  },
  "cfm:recipes/decorations/purple_trampoline": {
    "criteria": {
      "has_iron": "2024-07-02 00:34:03 +0000"
    },
    "done": true
  },
  "cfm:recipes/decorations/green_trampoline": {
    "criteria": {
      "has_iron": "2024-07-02 00:34:03 +0000"
    },
    "done": true
  },
  "cfm:recipes/decorations/cyan_grill": {
    "criteria": {
      "has_iron": "2024-07-02 00:34:03 +0000"
    },
    "done": true
  },
  "cfm:recipes/decorations/orange_grill": {
    "criteria": {
      "has_iron": "2024-07-02 00:34:03 +0000"
    },
    "done": true
  },
  "minecraft:recipes/tools/iron_axe": {
    "criteria": {
      "has_iron_ingot": "2024-07-02 00:34:03 +0000"
    },
    "done": true
  },
  "cfm:recipes/decorations/magenta_trampoline": {
    "criteria": {
      "has_iron": "2024-07-02 00:34:03 +0000"
    },
    "done": true
  },
  "cfm:recipes/decorations/lime_grill": {
    "criteria": {
      "has_iron": "2024-07-02 00:34:03 +0000"
    },
    "done": true
  },
  "minecraft:recipes/redstone/iron_door": {
    "criteria": {
      "has_iron_ingot": "2024-07-02 00:34:03 +0000"
    },
    "done": true
  },
  "cfm:recipes/decorations/red_grill": {
    "criteria": {
      "has_iron": "2024-07-02 00:34:03 +0000"
    },
    "done": true
  },
  "iceandfire:recipes/building_blocks/dragonforge_fire_core_disabled": {
    "criteria": {
      "has_item": "2024-07-02 00:35:28 +0000"
    },
    "done": true
  },
  "iceandfire:iceandfire/dragon_forge_brick": {
    "criteria": {
      "forge": "2024-07-02 00:35:28 +0000"
    },
    "done": true
  },
  "iceandfire:recipes/building_blocks/dragonforge_fire_input": {
    "criteria": {
      "has_item": "2024-07-02 00:35:28 +0000"
    },
    "done": true
  },
  "minecraft:recipes/misc/pink_dye_from_pink_petals": {
    "criteria": {
      "has_pink_petals": "2024-07-02 00:36:44 +0000"
    },
    "done": true
  },
  "minecraft:recipes/decorations/ladder": {
    "criteria": {
      "has_stick": "2024-07-02 00:36:50 +0000"
    },
    "done": true
  },
  "securitycraft:recipes/redstone/reinforced_birch_fence_gate": {
    "criteria": {
      "has_stick": "2024-07-02 00:36:50 +0000"
    },
    "done": true
  },
  "securitycraft:recipes/redstone/reinforced_crimson_fence_gate": {
    "criteria": {
      "has_stick": "2024-07-02 00:36:50 +0000"
    },
    "done": true
  },
  "securitycraft:recipes/misc/motion_activated_light": {
    "criteria": {
      "has_stick": "2024-07-02 00:36:50 +0000"
    },
    "done": true
  },
  "securitycraft:recipes/redstone/reinforced_jungle_fence_gate": {
    "criteria": {
      "has_stick": "2024-07-02 00:36:50 +0000"
    },
    "done": true
  },
  "another_furniture:recipes/oak_drawer": {
    "criteria": {
      "has_planks": "2024-07-02 00:36:50 +0000"
    },
    "done": true
  },
  "minecraft:recipes/tools/wooden_axe": {
    "criteria": {
      "has_stick": "2024-07-02 00:36:50 +0000"
    },
    "done": true
  },
  "securitycraft:recipes/redstone/reinforced_spruce_fence_gate": {
    "criteria": {
      "has_stick": "2024-07-02 00:36:50 +0000"
    },
    "done": true
  },
  "another_furniture:recipes/dark_oak_drawer": {
    "criteria": {
      "has_planks": "2024-07-02 00:36:50 +0000"
    },
    "done": true
  },
  "securitycraft:recipes/misc/reinforced_acacia_fence": {
    "criteria": {
      "has_stick": "2024-07-02 00:36:50 +0000"
    },
    "done": true
  },
  "another_furniture:recipes/acacia_drawer": {
    "criteria": {
      "has_planks": "2024-07-02 00:36:50 +0000"
    },
    "done": true
  },
  "securitycraft:recipes/redstone/reinforced_bamboo_fence_gate": {
    "criteria": {
      "has_stick": "2024-07-02 00:36:50 +0000"
    },
    "done": true
  },
  "another_furniture:recipes/spruce_drawer": {
    "criteria": {
      "has_planks": "2024-07-02 00:36:50 +0000"
    },
    "done": true
  },
  "minecraft:recipes/decorations/campfire": {
    "criteria": {
      "has_stick": "2024-07-02 00:36:50 +0000"
    },
    "done": true
  },
  "aquaculture:recipes/tools/wooden_fillet_knife": {
    "criteria": {
      "has_items": "2024-07-02 00:36:50 +0000"
    },
    "done": true
  },
  "minecraft:recipes/tools/wooden_hoe": {
    "criteria": {
      "has_stick": "2024-07-02 00:36:50 +0000"
    },
    "done": true
  },
  "securitycraft:recipes/misc/sonic_security_system": {
    "criteria": {
      "has_stick": "2024-07-02 00:36:50 +0000"
    },
    "done": true
  },
  "minecraft:recipes/tools/wooden_shovel": {
    "criteria": {
      "has_stick": "2024-07-02 00:36:50 +0000"
    },
    "done": true
  },
  "another_furniture:recipes/cherry_drawer": {
    "criteria": {
      "has_planks": "2024-07-02 00:36:50 +0000"
    },
    "done": true
  },
  "securitycraft:recipes/redstone/reinforced_dark_oak_fence_gate": {
    "criteria": {
      "has_stick": "2024-07-02 00:36:50 +0000"
    },
    "done": true
  },
  "another_furniture:recipes/bamboo_drawer": {
    "criteria": {
      "has_planks": "2024-07-02 00:36:50 +0000"
    },
    "done": true
  },
  "minecraft:recipes/combat/wooden_sword": {
    "criteria": {
      "has_stick": "2024-07-02 00:36:50 +0000"
    },
    "done": true
  },
  "securitycraft:recipes/misc/reinforced_birch_fence": {
    "criteria": {
      "has_stick": "2024-07-02 00:36:50 +0000"
    },
    "done": true
  },
  "securitycraft:recipes/misc/reinforced_dark_oak_fence": {
    "criteria": {
      "has_stick": "2024-07-02 00:36:50 +0000"
    },
    "done": true
  },
  "securitycraft:recipes/misc/reinforced_oak_fence": {
    "criteria": {
      "has_stick": "2024-07-02 00:36:50 +0000"
    },
    "done": true
  },
  "securitycraft:recipes/redstone/reinforced_oak_fence_gate": {
    "criteria": {
      "has_stick": "2024-07-02 00:36:50 +0000"
    },
    "done": true
  },
  "securitycraft:recipes/misc/reinforced_bamboo_fence": {
    "criteria": {
      "has_stick": "2024-07-02 00:36:50 +0000"
    },
    "done": true
  },
  "securitycraft:recipes/misc/reinforced_crimson_fence": {
    "criteria": {
      "has_stick": "2024-07-02 00:36:50 +0000"
    },
    "done": true
  },
  "farmersdelight:recipes/combat/flint_knife": {
    "criteria": {
      "has_stick": "2024-07-02 00:36:50 +0000"
    },
    "done": true
  },
  "securitycraft:recipes/misc/reinforced_jungle_fence": {
    "criteria": {
      "has_stick": "2024-07-02 00:36:50 +0000"
    },
    "done": true
  },
  "securitycraft:recipes/misc/reinforced_warped_fence": {
    "criteria": {
      "has_stick": "2024-07-02 00:36:50 +0000"
    },
    "done": true
  },
  "another_furniture:recipes/warped_drawer": {
    "criteria": {
      "has_planks": "2024-07-02 00:36:50 +0000"
    },
    "done": true
  },
  "securitycraft:recipes/redstone/reinforced_cherry_fence_gate": {
    "criteria": {
      "has_stick": "2024-07-02 00:36:50 +0000"
    },
    "done": true
  },
  "securitycraft:recipes/redstone/reinforced_acacia_fence_gate": {
    "criteria": {
      "has_stick": "2024-07-02 00:36:50 +0000"
    },
    "done": true
  },
  "securitycraft:recipes/misc/reinforced_cherry_fence": {
    "criteria": {
      "has_stick": "2024-07-02 00:36:50 +0000"
    },
    "done": true
  },
  "securitycraft:recipes/redstone/reinforced_warped_fence_gate": {
    "criteria": {
      "has_stick": "2024-07-02 00:36:50 +0000"
    },
    "done": true
  },
  "another_furniture:recipes/jungle_drawer": {
    "criteria": {
      "has_planks": "2024-07-02 00:36:50 +0000"
    },
    "done": true
  },
  "another_furniture:recipes/crimson_drawer": {
    "criteria": {
      "has_planks": "2024-07-02 00:36:50 +0000"
    },
    "done": true
  },
  "minecraft:recipes/tools/wooden_pickaxe": {
    "criteria": {
      "has_stick": "2024-07-02 00:36:50 +0000"
    },
    "done": true
  },
  "securitycraft:recipes/redstone/reinforced_mangrove_fence_gate": {
    "criteria": {
      "has_stick": "2024-07-02 00:36:50 +0000"
    },
    "done": true
  },
  "securitycraft:recipes/misc/reinforced_mangrove_fence": {
    "criteria": {
      "has_stick": "2024-07-02 00:36:50 +0000"
    },
    "done": true
  },
  "another_furniture:recipes/mangrove_drawer": {
    "criteria": {
      "has_planks": "2024-07-02 00:36:50 +0000"
    },
    "done": true
  },
  "farmersdelight:recipes/decorations/cutting_board": {
    "criteria": {
      "has_stick": "2024-07-02 00:36:50 +0000"
    },
    "done": true
  },
  "another_furniture:recipes/furniture_hammer": {
    "criteria": {
      "has_stick": "2024-07-02 00:36:50 +0000"
    },
    "done": true
  },
  "another_furniture:recipes/birch_drawer": {
    "criteria": {
      "has_planks": "2024-07-02 00:36:50 +0000"
    },
    "done": true
  },
  "securitycraft:recipes/misc/reinforced_spruce_fence": {
    "criteria": {
      "has_stick": "2024-07-02 00:36:50 +0000"
    },
    "done": true
  },
  "minecraft:recipes/misc/stick": {
    "criteria": {
      "has_planks": "2024-07-02 00:37:29 +0000"
    },
    "done": true
  },
  "minecraft:recipes/decorations/barrel": {
    "criteria": {
      "has_planks": "2024-07-02 00:37:29 +0000"
    },
    "done": true
  },
  "iceandfire:recipes/misc/earplugs": {
    "criteria": {
      "has_item": "2024-07-02 00:37:29 +0000"
    },
    "done": true
  },
  "cfm:recipes/decorations/red_cooler": {
    "criteria": {
      "has_terracotta": "2024-07-02 00:43:51 +0000"
    },
    "done": true
  },
  "minecraft:recipes/decorations/red_glazed_terracotta": {
    "criteria": {
      "has_red_terracotta": "2024-07-02 00:43:51 +0000"
    },
    "done": true
  },
  "cfm:recipes/decorations/red_kitchen_sink": {
    "criteria": {
      "has_top": "2024-07-02 00:43:51 +0000"
    },
    "done": true
  },
  "citycraft:recipes/building_blocks/red_concrete_wall": {
    "criteria": {
      "has_red_concrete": "2024-07-02 00:43:52 +0000"
    },
    "done": true
  },
  "cfm:recipes/decorations/red_picket_gate": {
    "criteria": {
      "has_concrete": "2024-07-02 00:43:52 +0000"
    },
    "done": true
  },
  "cfm:recipes/decorations/red_picket_fence": {
    "criteria": {
      "has_concrete": "2024-07-02 00:43:52 +0000"
    },
    "done": true
  },
  "cfm:recipes/decorations/acacia_cabinet": {
    "criteria": {
      "has_log": "2024-07-02 00:46:24 +0000"
    },
    "done": true
  },
  "cfm:recipes/decorations/acacia_chair": {
    "criteria": {
      "has_log": "2024-07-02 00:46:24 +0000"
    },
    "done": true
  },
  "cfm:recipes/decorations/stripped_acacia_kitchen_drawer": {
    "criteria": {
      "has_log": "2024-07-02 00:46:24 +0000"
    },
    "done": true
  },
  "cfm:recipes/decorations/acacia_desk": {
    "criteria": {
      "has_log": "2024-07-02 00:46:24 +0000"
    },
    "done": true
  },
  "cfm:recipes/decorations/acacia_upgraded_fence": {
    "criteria": {
      "has_log": "2024-07-02 00:46:24 +0000"
    },
    "done": true
  },
  "cfm:recipes/decorations/acacia_table": {
    "criteria": {
      "has_log": "2024-07-02 00:46:24 +0000"
    },
    "done": true
  },
  "cfm:recipes/decorations/acacia_kitchen_counter": {
    "criteria": {
      "has_log": "2024-07-02 00:46:24 +0000"
    },
    "done": true
  },
  "cfm:recipes/decorations/acacia_park_bench": {
    "criteria": {
      "has_log": "2024-07-02 00:46:24 +0000"
    },
    "done": true
  },
  "cfm:recipes/decorations/stripped_acacia_bedside_cabinet": {
    "criteria": {
      "has_planks": "2024-07-02 00:46:24 +0000"
    },
    "done": true
  },
  "cfm:recipes/decorations/acacia_kitchen_drawer": {
    "criteria": {
      "has_log": "2024-07-02 00:46:24 +0000"
    },
    "done": true
  },
  "cfm:recipes/decorations/stripped_acacia_coffee_table": {
    "criteria": {
      "has_planks": "2024-07-02 00:46:24 +0000"
    },
    "done": true
  },
  "cfm:recipes/decorations/acacia_blinds": {
    "criteria": {
      "has_log": "2024-07-02 00:46:24 +0000"
    },
    "done": true
  },
  "minecraft:recipes/misc/charcoal": {
    "criteria": {
      "has_log": "2024-07-02 00:46:24 +0000"
    },
    "done": true
  },
  "cfm:recipes/decorations/acacia_desk_cabinet": {
    "criteria": {
      "has_log": "2024-07-02 00:46:24 +0000"
    },
    "done": true
  },
  "cfm:recipes/decorations/stripped_acacia_desk_cabinet": {
    "criteria": {
      "has_planks": "2024-07-02 00:46:24 +0000"
    },
    "done": true
  },
  "cfm:recipes/decorations/acacia_bedside_cabinet": {
    "criteria": {
      "has_log": "2024-07-02 00:46:24 +0000"
    },
    "done": true
  },
  "cfm:recipes/decorations/stripped_acacia_cabinet": {
    "criteria": {
      "has_log": "2024-07-02 00:46:24 +0000"
    },
    "done": true
  },
  "cfm:recipes/decorations/stripped_acacia_crate": {
    "criteria": {
      "has_planks": "2024-07-02 00:46:24 +0000"
    },
    "done": true
  },
  "minecraft:recipes/building_blocks/acacia_wood": {
    "criteria": {
      "has_log": "2024-07-02 00:46:24 +0000"
    },
    "done": true
  },
  "securitycraft:recipes/misc/sc_manual": {
    "criteria": {
      "has_wood": "2024-07-02 00:46:24 +0000"
    },
    "done": true
  },
  "cfm:recipes/decorations/stripped_acacia_table": {
    "criteria": {
      "has_planks": "2024-07-02 00:46:24 +0000"
    },
    "done": true
  },
  "cfm:recipes/decorations/acacia_coffee_table": {
    "criteria": {
      "has_log": "2024-07-02 00:46:24 +0000"
    },
    "done": true
  },
  "cfm:recipes/decorations/acacia_upgraded_gate": {
    "criteria": {
      "has_log": "2024-07-02 00:46:24 +0000"
    },
    "done": true
  },
  "cfm:recipes/decorations/stripped_acacia_park_bench": {
    "criteria": {
      "has_log": "2024-07-02 00:46:24 +0000"
    },
    "done": true
  },
  "cfm:recipes/decorations/stripped_acacia_kitchen_counter": {
    "criteria": {
      "has_log": "2024-07-02 00:46:24 +0000"
    },
    "done": true
  },
  "cfm:recipes/decorations/stripped_acacia_desk": {
    "criteria": {
      "has_planks": "2024-07-02 00:46:24 +0000"
    },
    "done": true
  },
  "cfm:recipes/decorations/acacia_crate": {
    "criteria": {
      "has_log": "2024-07-02 00:46:24 +0000"
    },
    "done": true
  },
  "cfm:recipes/decorations/stripped_acacia_chair": {
    "criteria": {
      "has_planks": "2024-07-02 00:46:24 +0000"
    },
    "done": true
  },
  "minecraft:recipes/building_blocks/acacia_planks": {
    "criteria": {
      "has_log": "2024-07-02 00:46:24 +0000"
    },
    "done": true
  },
  "iceandfire:recipes/building_blocks/ash": {
    "criteria": {
      "has_item": "2024-07-02 00:46:40 +0000"
    },
    "done": true
  },
  "iceandfire:recipes/building_blocks/crackled_to_gravel": {
    "criteria": {
      "has_item": "2024-07-02 00:48:00 +0000"
    },
    "done": true
  },
  "iceandfire:recipes/building_blocks/dragonforge_ice_brick": {
    "criteria": {
      "has_item": "2024-07-02 00:49:35 +0000"
    },
    "done": true
  },
  "minecraft:recipes/building_blocks/stone_brick_stairs": {
    "criteria": {
      "has_stone_bricks": "2024-07-02 00:49:35 +0000"
    },
    "done": true
  },
  "iceandfire:recipes/building_blocks/dragonforge_fire_brick": {
    "criteria": {
      "has_item": "2024-07-02 00:49:35 +0000"
    },
    "done": true
  },
  "minecraft:recipes/building_blocks/stone_brick_slab": {
    "criteria": {
      "has_stone_bricks": "2024-07-02 00:49:35 +0000"
    },
    "done": true
  },
  "minecraft:recipes/building_blocks/chiseled_stone_bricks_from_stone_bricks_stonecutting": {
    "criteria": {
      "has_stone_bricks": "2024-07-02 00:49:35 +0000"
    },
    "done": true
  },
  "minecraft:recipes/decorations/stone_brick_wall": {
    "criteria": {
      "has_stone_bricks": "2024-07-02 00:49:35 +0000"
    },
    "done": true
  },
  "minecraft:recipes/building_blocks/cracked_stone_bricks": {
    "criteria": {
      "has_stone_bricks": "2024-07-02 00:49:35 +0000"
    },
    "done": true
  },
  "minecraft:recipes/building_blocks/stone_brick_stairs_from_stone_bricks_stonecutting": {
    "criteria": {
      "has_stone_bricks": "2024-07-02 00:49:35 +0000"
    },
    "done": true
  },
  "iceandfire:recipes/building_blocks/dragonforge_lightning_brick": {
    "criteria": {
      "has_item": "2024-07-02 00:49:35 +0000"
    },
    "done": true
  },
  "minecraft:recipes/building_blocks/chiseled_stone_bricks": {
    "criteria": {
      "has_tag": "2024-07-02 00:49:35 +0000"
    },
    "done": true
  },
  "minecraft:recipes/decorations/stone_brick_wall_from_stone_bricks_stonecutting": {
    "criteria": {
      "has_stone_bricks": "2024-07-02 00:49:35 +0000"
    },
    "done": true
  },
  "minecraft:recipes/building_blocks/stone_brick_slab_from_stone_bricks_stonecutting": {
    "criteria": {
      "has_stone_bricks": "2024-07-02 00:49:35 +0000"
    },
    "done": true
  },
  "minecraft:recipes/decorations/blast_furnace": {
    "criteria": {
      "has_smooth_stone": "2024-07-02 00:51:17 +0000"
    },
    "done": true
  },
  "minecraft:recipes/building_blocks/smooth_stone_slab": {
    "criteria": {
      "has_smooth_stone": "2024-07-02 00:51:17 +0000"
    },
    "done": true
  },
  "minecraft:recipes/building_blocks/smooth_stone_slab_from_smooth_stone_stonecutting": {
    "criteria": {
      "has_smooth_stone": "2024-07-02 00:51:17 +0000"
    },
    "done": true
  },
  "minecraft:adventure/kill_all_mobs": {
    "criteria": {
      "minecraft:creeper": "2024-07-02 00:53:30 +0000",
      "minecraft:zombie": "2024-07-02 00:53:39 +0000"
    },
    "done": false
  },
  "minecraft:adventure/kill_a_mob": {
    "criteria": {
      "minecraft:creeper": "2024-07-02 00:53:30 +0000"
    },
    "done": true
  },
  "minecraft:recipes/misc/pink_dye_from_peony": {
    "criteria": {
      "has_peony": "2024-07-02 00:53:33 +0000"
    },
    "done": true
  },
  "minecraft:recipes/building_blocks/cherry_planks": {
    "criteria": {
      "has_log": "2024-07-02 00:54:18 +0000"
    },
    "done": true
  },
  "minecraft:recipes/building_blocks/cherry_wood": {
    "criteria": {
      "has_log": "2024-07-02 00:54:18 +0000"
    },
    "done": true
  },
  "minecraft:recipes/building_blocks/deepslate_tile_stairs_from_deepslate_tiles_stonecutting": {
    "criteria": {
      "has_deepslate_tiles": "2024-07-02 01:06:07 +0000"
    },
    "done": true
  },
  "minecraft:recipes/decorations/deepslate_tile_wall_from_deepslate_tiles_stonecutting": {
    "criteria": {
      "has_deepslate_tiles": "2024-07-02 01:06:07 +0000"
    },
    "done": true
  },
  "minecraft:recipes/decorations/deepslate_tile_wall": {
    "criteria": {
      "has_deepslate_tiles": "2024-07-02 01:06:07 +0000"
    },
    "done": true
  },
  "minecraft:recipes/building_blocks/cracked_deepslate_tiles": {
    "criteria": {
      "has_deepslate_tiles": "2024-07-02 01:06:07 +0000"
    },
    "done": true
  },
  "minecraft:recipes/building_blocks/deepslate_tile_slab_from_deepslate_tiles_stonecutting": {
    "criteria": {
      "has_deepslate_tiles": "2024-07-02 01:06:07 +0000"
    },
    "done": true
  },
  "minecraft:recipes/building_blocks/deepslate_tile_stairs": {
    "criteria": {
      "has_deepslate_tiles": "2024-07-02 01:06:07 +0000"
    },
    "done": true
  },
  "minecraft:recipes/building_blocks/deepslate_tile_slab": {
    "criteria": {
      "has_deepslate_tiles": "2024-07-02 01:06:07 +0000"
    },
    "done": true
  },
  "minecraft:recipes/building_blocks/bamboo_planks": {
    "criteria": {
      "has_logs": "2024-07-02 01:33:51 +0000"
    },
    "done": true
  },
  "minecraft:recipes/decorations/bamboo_hanging_sign": {
    "criteria": {
      "has_stripped_logs": "2024-07-02 01:33:51 +0000"
    },
    "done": true
  },
  "minecraft:recipes/building_blocks/bamboo_mosaic_slab": {
    "criteria": {
      "has_bamboo_mosaic": "2024-07-02 01:34:09 +0000"
    },
    "done": true
  },
  "minecraft:recipes/building_blocks/bamboo_mosaic_stairs": {
    "criteria": {
      "has_bamboo_mosaic": "2024-07-02 01:34:09 +0000"
    },
    "done": true
  },
  "minecraft:recipes/misc/firework_rocket_simple": {
    "criteria": {
      "has_gunpowder": "2024-07-02 01:36:09 +0000"
    },
    "done": true
  },
  "minecraft:recipes/redstone/tnt": {
    "criteria": {
      "has_gunpowder": "2024-07-02 01:36:09 +0000"
    },
    "done": true
  },
  "cfm:recipes/decorations/stripped_oak_upgraded_gate": {
    "criteria": {
      "has_log": "2024-07-02 01:37:16 +0000"
    },
    "done": true
  },
  "cfm:recipes/decorations/stripped_oak_kitchen_drawer": {
    "criteria": {
      "has_planks": "2024-07-02 01:37:16 +0000"
    },
    "done": true
  },
  "minecraft:recipes/decorations/oak_hanging_sign": {
    "criteria": {
      "has_stripped_logs": "2024-07-02 01:37:16 +0000"
    },
    "done": true
  },
  "cfm:recipes/decorations/stripped_oak_kitchen_sink_dark": {
    "criteria": {
      "has_bottom": "2024-07-02 01:37:16 +0000"
    },
    "done": true
  },
  "minecraft:recipes/building_blocks/oak_planks": {
    "criteria": {
      "has_logs": "2024-07-02 01:37:16 +0000"
    },
    "done": true
  },
  "minecraft:recipes/building_blocks/stripped_oak_wood": {
    "criteria": {
      "has_log": "2024-07-02 01:37:16 +0000"
    },
    "done": true
  },
  "cfm:recipes/decorations/stripped_oak_blinds": {
    "criteria": {
      "has_log": "2024-07-02 01:37:16 +0000"
    },
    "done": true
  },
  "cfm:recipes/decorations/stripped_oak_desk": {
    "criteria": {
      "has_log": "2024-07-02 01:37:16 +0000"
    },
    "done": true
  },
  "cfm:recipes/decorations/stripped_oak_crate": {
    "criteria": {
      "has_log": "2024-07-02 01:37:16 +0000"
    },
    "done": true
  },
  "cfm:recipes/decorations/stripped_oak_kitchen_counter": {
    "criteria": {
      "has_planks": "2024-07-02 01:37:16 +0000"
    },
    "done": true
  },
  "cfm:recipes/decorations/stripped_oak_table": {
    "criteria": {
      "has_log": "2024-07-02 01:37:16 +0000"
    },
    "done": true
  },
  "cfm:recipes/decorations/stripped_oak_desk_cabinet": {
    "criteria": {
      "has_log": "2024-07-02 01:37:16 +0000"
    },
    "done": true
  },
  "cfm:recipes/decorations/stripped_oak_bedside_cabinet": {
    "criteria": {
      "has_log": "2024-07-02 01:37:16 +0000"
    },
    "done": true
  },
  "cfm:recipes/decorations/stripped_oak_cabinet": {
    "criteria": {
      "has_planks": "2024-07-02 01:37:16 +0000"
    },
    "done": true
  },
  "cfm:recipes/decorations/stripped_oak_upgraded_fence": {
    "criteria": {
      "has_log": "2024-07-02 01:37:16 +0000"
    },
    "done": true
  },
  "cfm:recipes/decorations/stripped_oak_park_bench": {
    "criteria": {
      "has_planks": "2024-07-02 01:37:16 +0000"
    },
    "done": true
  },
  "cfm:recipes/decorations/stripped_oak_coffee_table": {
    "criteria": {
      "has_log": "2024-07-02 01:37:16 +0000"
    },
    "done": true
  },
  "cfm:recipes/decorations/stripped_oak_kitchen_sink_light": {
    "criteria": {
      "has_bottom": "2024-07-02 01:37:16 +0000"
    },
    "done": true
  },
  "cfm:recipes/decorations/stripped_oak_chair": {
    "criteria": {
      "has_log": "2024-07-02 01:37:16 +0000"
    },
    "done": true
  },
  "minecraft:recipes/decorations/grindstone": {
    "criteria": {
      "has_stone_slab": "2024-07-02 01:40:12 +0000"
    },
    "done": true
  },
  "minecraft:recipes/transportation/cherry_boat": {
    "criteria": {
      "in_water": "2024-07-02 01:47:20 +0000"
    },
    "done": true
  },
  "minecraft:recipes/transportation/bamboo_raft": {
    "criteria": {
      "in_water": "2024-07-02 01:47:20 +0000"
    },
    "done": true
  },
  "minecraft:recipes/transportation/acacia_boat": {
    "criteria": {
      "in_water": "2024-07-02 01:47:20 +0000"
    },
    "done": true
  },
  "minecraft:recipes/transportation/jungle_boat": {
    "criteria": {
      "in_water": "2024-07-02 01:47:20 +0000"
    },
    "done": true
  },
  "minecraft:recipes/transportation/spruce_boat": {
    "criteria": {
      "in_water": "2024-07-02 01:47:20 +0000"
    },
    "done": true
  },
  "minecraft:recipes/transportation/birch_boat": {
    "criteria": {
      "in_water": "2024-07-02 01:47:20 +0000"
    },
    "done": true
  },
  "minecraft:recipes/transportation/oak_boat": {
    "criteria": {
      "in_water": "2024-07-02 01:47:20 +0000"
    },
    "done": true
  },
  "minecraft:recipes/transportation/mangrove_boat": {
    "criteria": {
      "in_water": "2024-07-02 01:47:20 +0000"
    },
    "done": true
  },
  "minecraft:recipes/transportation/dark_oak_boat": {
    "criteria": {
      "in_water": "2024-07-02 01:47:20 +0000"
    },
    "done": true
  },
  "minecraft:recipes/building_blocks/polished_andesite_stairs_from_polished_andesite_stonecutting": {
    "criteria": {
      "has_polished_andesite": "2024-07-02 01:50:33 +0000"
    },
    "done": true
  },
  "minecraft:recipes/building_blocks/polished_andesite_slab": {
    "criteria": {
      "has_polished_andesite": "2024-07-02 01:50:33 +0000"
    },
    "done": true
  },
  "minecraft:recipes/building_blocks/polished_andesite_stairs": {
    "criteria": {
      "has_polished_andesite": "2024-07-02 01:50:33 +0000"
    },
    "done": true
  },
  "minecraft:recipes/building_blocks/polished_andesite_slab_from_polished_andesite_stonecutting": {
    "criteria": {
      "has_polished_andesite": "2024-07-02 01:50:33 +0000"
    },
    "done": true
  },
  "minecraft:recipes/misc/stick_from_bamboo_item": {
    "criteria": {
      "has_bamboo": "2024-07-02 01:50:41 +0000"
    },
    "done": true
  },
  "minecraft:recipes/building_blocks/bamboo_block": {
    "criteria": {
      "has_bamboo": "2024-07-02 01:50:41 +0000"
    },
    "done": true
  },
  "minecraft:recipes/decorations/scaffolding": {
    "criteria": {
      "has_bamboo": "2024-07-02 01:50:41 +0000"
    },
    "done": true
  },
  "minecraft:recipes/building_blocks/stripped_mangrove_wood": {
    "criteria": {
      "has_log": "2024-07-02 01:53:43 +0000"
    },
    "done": true
  },
  "minecraft:recipes/building_blocks/mangrove_planks": {
    "criteria": {
      "has_logs": "2024-07-02 01:53:43 +0000"
    },
    "done": true
  },
  "cfm:recipes/decorations/stripped_mangrove_coffee_table": {
    "criteria": {
      "has_log": "2024-07-02 01:53:43 +0000"
    },
    "done": true
  },
  "cfm:recipes/decorations/stripped_mangrove_kitchen_sink_dark": {
    "criteria": {
      "has_bottom": "2024-07-02 01:53:43 +0000"
    },
    "done": true
  },
  "cfm:recipes/decorations/stripped_mangrove_upgraded_fence": {
    "criteria": {
      "has_log": "2024-07-02 01:53:43 +0000"
    },
    "done": true
  },
  "cfm:recipes/decorations/stripped_mangrove_kitchen_drawer": {
    "criteria": {
      "has_planks": "2024-07-02 01:53:43 +0000"
    },
    "done": true
  },
  "cfm:recipes/decorations/stripped_mangrove_bedside_cabinet": {
    "criteria": {
      "has_log": "2024-07-02 01:53:43 +0000"
    },
    "done": true
  },
  "cfm:recipes/decorations/stripped_mangrove_park_bench": {
    "criteria": {
      "has_planks": "2024-07-02 01:53:43 +0000"
    },
    "done": true
  },
  "cfm:recipes/decorations/stripped_mangrove_kitchen_counter": {
    "criteria": {
      "has_planks": "2024-07-02 01:53:43 +0000"
    },
    "done": true
  },
  "cfm:recipes/decorations/stripped_mangrove_chair": {
    "criteria": {
      "has_log": "2024-07-02 01:53:43 +0000"
    },
    "done": true
  },
  "cfm:recipes/decorations/stripped_mangrove_blinds": {
    "criteria": {
      "has_log": "2024-07-02 01:53:43 +0000"
    },
    "done": true
  },
  "cfm:recipes/decorations/stripped_mangrove_table": {
    "criteria": {
      "has_log": "2024-07-02 01:53:43 +0000"
    },
    "done": true
  },
  "cfm:recipes/decorations/stripped_mangrove_cabinet": {
    "criteria": {
      "has_planks": "2024-07-02 01:53:43 +0000"
    },
    "done": true
  },
  "minecraft:recipes/decorations/mangrove_hanging_sign": {
    "criteria": {
      "has_stripped_logs": "2024-07-02 01:53:43 +0000"
    },
    "done": true
  },
  "cfm:recipes/decorations/stripped_mangrove_kitchen_sink_light": {
    "criteria": {
      "has_bottom": "2024-07-02 01:53:43 +0000"
    },
    "done": true
  },
  "cfm:recipes/decorations/stripped_mangrove_desk": {
    "criteria": {
      "has_log": "2024-07-02 01:53:43 +0000"
    },
    "done": true
  },
  "cfm:recipes/decorations/stripped_mangrove_desk_cabinet": {
    "criteria": {
      "has_log": "2024-07-02 01:53:43 +0000"
    },
    "done": true
  },
  "cfm:recipes/decorations/stripped_mangrove_crate": {
    "criteria": {
      "has_log": "2024-07-02 01:53:43 +0000"
    },
    "done": true
  },
  "cfm:recipes/decorations/stripped_mangrove_upgraded_gate": {
    "criteria": {
      "has_log": "2024-07-02 01:53:43 +0000"
    },
    "done": true
  },
  "iceandfire:recipes/combat/armor_sapphire_boots": {
    "criteria": {
      "has_item": "2024-07-02 02:59:59 +0000"
    },
    "done": true
  },
  "iceandfire:recipes/combat/armor_sapphire_helmet": {
    "criteria": {
      "has_item": "2024-07-02 02:59:59 +0000"
    },
    "done": true
  },
  "iceandfire:recipes/combat/armor_sapphire_chestplate": {
    "criteria": {
      "has_item": "2024-07-02 02:59:59 +0000"
    },
    "done": true
  },
  "iceandfire:recipes/building_blocks/dragonscales_sapphire_to_dragonscale_sapphire": {
    "criteria": {
      "has_dragonscales_sapphire": "2024-07-02 02:59:59 +0000"
    },
    "done": true
  },
  "graveyard:graveyard/root": {
    "criteria": {
      "grave_04": "2024-07-02 03:05:19 +0000"
    },
    "done": true
  },
  "iceandfire:recipes/combat/armor_sapphire_leggings": {
    "criteria": {
      "has_item": "2024-07-02 02:59:59 +0000"
    },
    "done": true
  },
  "DataVersion": 3465
}