{
  "aquaculture:recipes/aquaculture/heavy_hook": {
    "criteria": {
      "has_items": "2024-07-02 01:33:23 +0000"
    },
    "done": true
  },
  "aquaculture:recipes/decorations/birch_fish_mount": {
    "criteria": {
      "has_items": "2024-07-02 01:33:23 +0000"
    },
    "done": true
  },
  "aquaculture:recipes/misc/neptunium_ingot_from_neptunium_block": {
    "criteria": {
      "has_items": "2024-07-02 01:33:23 +0000"
    },
    "done": true
  },
  "aquaculture:recipes/misc/iron_nugget_from_smelting": {
    "criteria": {
      "has_fishing_rod": "2024-07-02 01:33:23 +0000",
      "has_fillet_knife": "2024-07-02 01:33:23 +0000"
    },
    "done": true
  },
  "1_splatus:ultris/root": {
    "criteria": {
      "c1": "2024-07-02 01:33:23 +0000"
    },
    "done": true
  },
  "minecraft:recipes/decorations/crafting_table": {
    "criteria": {
      "unlock_right_away": "2024-07-02 01:33:23 +0000"
    },
    "done": true
  },
  "aquaculture:recipes/tools/golden_fishing_rod": {
    "criteria": {
      "has_vanilla_rod": "2024-07-02 01:33:23 +0000"
    },
    "done": true
  },
  "aquaculture:recipes/misc/gold_nugget_from_smelting": {
    "criteria": {
      "has_fishing_rod": "2024-07-02 01:33:23 +0000",
      "has_fillet_knife": "2024-07-02 01:33:23 +0000"
    },
    "done": true
  },
  "aquaculture:recipes/misc/bonemeal_from_fish_bones": {
    "criteria": {
      "has_items": "2024-07-02 01:33:23 +0000"
    },
    "done": true
  },
  "iceandfire:iceandfire/root": {
    "criteria": {
      "tick": "2024-07-02 01:33:23 +0000"
    },
    "done": true
  },
  "aquaculture:recipes/misc/brown_mushroom_from_fish": {
    "criteria": {
      "has_items": "2024-07-02 01:33:23 +0000"
    },
    "done": true
  },
  "aquaculture:recipes/misc/neptinium_ingot_from_blasting": {
    "criteria": {
      "has_leggings": "2024-07-02 01:33:23 +0000",
      "has_axe": "2024-07-02 01:33:23 +0000",
      "has_helmet": "2024-07-02 01:33:23 +0000",
      "has_fishing_rod": "2024-07-02 01:33:23 +0000",
      "has_bow": "2024-07-02 01:33:23 +0000",
      "has_chestplate": "2024-07-02 01:33:23 +0000",
      "has_sword": "2024-07-02 01:33:23 +0000",
      "has_fillet_knife": "2024-07-02 01:33:23 +0000",
      "has_shovel": "2024-07-02 01:33:23 +0000",
      "has_hoe": "2024-07-02 01:33:23 +0000",
      "has_boots": "2024-07-02 01:33:23 +0000",
      "has_pickaxe": "2024-07-02 01:33:23 +0000"
    },
    "done": true
  },
  "aquaculture:recipes/decorations/dark_oak_fish_mount": {
    "criteria": {
      "has_items": "2024-07-02 01:33:23 +0000"
    },
    "done": true
  },
  "aquaculture:recipes/decorations/acacia_fish_mount": {
    "criteria": {
      "has_items": "2024-07-02 01:33:23 +0000"
    },
    "done": true
  },
  "aquaculture:recipes/aquaculture/diamond_hook": {
    "criteria": {
      "has_items": "2024-07-02 01:33:23 +0000"
    },
    "done": true
  },
  "betterdungeons:root": {
    "criteria": {
      "always": "2024-07-02 01:33:23 +0000"
    },
    "done": true
  },
  "aquaculture:recipes/food/sushi": {
    "criteria": {
      "has_alt_items": "2024-07-02 01:33:23 +0000",
      "has_items": "2024-07-02 01:33:23 +0000"
    },
    "done": true
  },
  "aquaculture:recipes/aquaculture/light_hook": {
    "criteria": {
      "has_items": "2024-07-02 01:33:23 +0000"
    },
    "done": true
  },
  "aquaculture:recipes/misc/red_mushroom_from_fish": {
    "criteria": {
      "has_items": "2024-07-02 01:33:23 +0000"
    },
    "done": true
  },
  "aquaculture:recipes/building_blocks/planks_from_driftwood": {
    "criteria": {
      "has_items": "2024-07-02 01:33:23 +0000"
    },
    "done": true
  },
  "aquaculture:recipes/aquaculture/worm_farm": {
    "criteria": {
      "has_items": "2024-07-02 01:33:23 +0000"
    },
    "done": true
  },
  "aquaculture:recipes/tools/iron_fishing_rod": {
    "criteria": {
      "has_vanilla_rod": "2024-07-02 01:33:23 +0000"
    },
    "done": true
  },
  "aquaculture:recipes/aquaculture/note_hook": {
    "criteria": {
      "has_items": "2024-07-02 01:33:23 +0000"
    },
    "done": true
  },
  "aquaculture:recipes/food/cooked_fish_fillet_from_campfire": {
    "criteria": {
      "has_items": "2024-07-02 01:33:23 +0000"
    },
    "done": true
  },
  "aquaculture:recipes/aquaculture/gold_hook": {
    "criteria": {
      "has_items": "2024-07-02 01:33:23 +0000"
    },
    "done": true
  },
  "aquaculture:recipes/decorations/oak_fish_mount": {
    "criteria": {
      "has_items": "2024-07-02 01:33:23 +0000"
    },
    "done": true
  },
  "aquaculture:recipes/decorations/spruce_fish_mount": {
    "criteria": {
      "has_items": "2024-07-02 01:33:23 +0000"
    },
    "done": true
  },
  "aquaculture:recipes/aquaculture/double_hook": {
    "criteria": {
      "has_items": "2024-07-02 01:33:23 +0000"
    },
    "done": true
  },
  "aquaculture:recipes/aquaculture/fishing_line": {
    "criteria": {
      "has_items": "2024-07-02 01:33:23 +0000"
    },
    "done": true
  },
  "aquaculture:recipes/misc/tin_can_to_iron_nugget_from_blasting": {
    "criteria": {
      "has_items": "2024-07-02 01:33:23 +0000"
    },
    "done": true
  },
  "aquaculture:recipes/aquaculture/iron_hook": {
    "criteria": {
      "has_items": "2024-07-02 01:33:23 +0000"
    },
    "done": true
  },
  "aquaculture:recipes/misc/jellyfish_to_slimeball": {
    "criteria": {
      "has_items": "2024-07-02 01:33:23 +0000"
    },
    "done": true
  },
  "aquaculture:recipes/aquaculture/redstone_hook": {
    "criteria": {
      "has_items": "2024-07-02 01:33:23 +0000"
    },
    "done": true
  },
  "aquaculture:recipes/misc/gold_nugget_from_blasting": {
    "criteria": {
      "has_fishing_rod": "2024-07-02 01:33:23 +0000",
      "has_fillet_knife": "2024-07-02 01:33:23 +0000"
    },
    "done": true
  },
  "aquaculture:recipes/aquaculture/bobber": {
    "criteria": {
      "has_items": "2024-07-02 01:33:23 +0000"
    },
    "done": true
  },
  "aquaculture:recipes/misc/gold_nugget_from_gold_fish": {
    "criteria": {
      "has_items": "2024-07-02 01:33:23 +0000"
    },
    "done": true
  },
  "aquaculture:recipes/food/cooked_fish_fillet_from_smoking": {
    "criteria": {
      "has_items": "2024-07-02 01:33:23 +0000"
    },
    "done": true
  },
  "aquaculture:recipes/tools/diamond_fishing_rod": {
    "criteria": {
      "has_vanilla_rod": "2024-07-02 01:33:23 +0000"
    },
    "done": true
  },
  "farmersdelight:main/root": {
    "criteria": {
      "seeds": "2024-07-02 01:33:23 +0000"
    },
    "done": true
  },
  "aquaculture:recipes/food/cooked_fish_fillet": {
    "criteria": {
      "has_items": "2024-07-02 01:33:23 +0000"
    },
    "done": true
  },
  "aquaculture:recipes/misc/neptunium_ingot_from_nuggets": {
    "criteria": {
      "has_items": "2024-07-02 01:33:23 +0000"
    },
    "done": true
  },
  "aquaculture:recipes/misc/iron_nugget_from_blasting": {
    "criteria": {
      "has_fishing_rod": "2024-07-02 01:33:23 +0000",
      "has_fillet_knife": "2024-07-02 01:33:23 +0000"
    },
    "done": true
  },
  "aquaculture:recipes/misc/tin_can_to_iron_nugget": {
    "criteria": {
      "has_items": "2024-07-02 01:33:23 +0000"
    },
    "done": true
  },
  "aquaculture:recipes/decorations/jungle_fish_mount": {
    "criteria": {
      "has_items": "2024-07-02 01:33:23 +0000"
    },
    "done": true
  },
  "tombstone:adventure/root": {
    "criteria": {
      "auto": "2024-07-02 01:33:24 +0000"
    },
    "done": true
  },
  "minecraft:adventure/adventuring_time": {
    "criteria": {
      "minecraft:taiga": "2024-07-02 01:33:24 +0000",
      "minecraft:cherry_grove": "2024-07-02 01:35:27 +0000",
      "minecraft:sunflower_plains": "2024-07-02 06:33:37 +0000",
      "minecraft:savanna_plateau": "2024-07-02 05:13:08 +0000",
      "minecraft:river": "2024-07-02 02:22:25 +0000",
      "minecraft:forest": "2024-07-02 07:04:40 +0000",
      "minecraft:flower_forest": "2024-07-02 06:34:33 +0000",
      "minecraft:meadow": "2024-07-02 05:07:35 +0000",
      "minecraft:plains": "2024-07-02 07:04:39 +0000"
    },
    "done": false
  },
  "minecraft:recipes/building_blocks/clay": {
    "criteria": {
      "has_clay_ball": "2024-07-02 01:35:16 +0000"
    },
    "done": true
  },
  "minecraft:recipes/misc/brick": {
    "criteria": {
      "has_clay_ball": "2024-07-02 01:35:16 +0000"
    },
    "done": true
  },
  "naturescompass:natures_compass": {
    "criteria": {
      "has_recipe": "2024-07-02 01:38:46 +0000"
    },
    "done": true
  },
  "naturescompass:natures_compass_log": {
    "criteria": {
      "has_recipe": "2024-07-02 01:38:46 +0000"
    },
    "done": true
  },
  "naturescompass:natures_compass_sapling": {
    "criteria": {
      "has_sapling": "2024-07-02 01:38:46 +0000"
    },
    "done": true
  },
  "minecraft:recipes/building_blocks/stone_bricks": {
    "criteria": {
      "has_stone": "2024-07-02 01:39:37 +0000"
    },
    "done": true
  },
  "minecraft:recipes/building_blocks/stone_bricks_from_stone_stonecutting": {
    "criteria": {
      "has_stone": "2024-07-02 01:39:37 +0000"
    },
    "done": true
  },
  "minecraft:recipes/building_blocks/stone_slab": {
    "criteria": {
      "has_stone": "2024-07-02 01:39:37 +0000"
    },
    "done": true
  },
  "minecraft:recipes/building_blocks/stone_stairs_from_stone_stonecutting": {
    "criteria": {
      "has_stone": "2024-07-02 01:39:37 +0000"
    },
    "done": true
  },
  "minecraft:recipes/redstone/stone_button": {
    "criteria": {
      "has_stone": "2024-07-02 01:39:37 +0000"
    },
    "done": true
  },
  "minecraft:recipes/redstone/stone_pressure_plate": {
    "criteria": {
      "has_stone": "2024-07-02 01:39:37 +0000"
    },
    "done": true
  },
  "minecraft:recipes/building_blocks/stone_stairs": {
    "criteria": {
      "has_stone": "2024-07-02 01:39:37 +0000"
    },
    "done": true
  },
  "cfm:recipes/decorations/rock_path": {
    "criteria": {
      "has_stone": "2024-07-02 01:39:37 +0000"
    },
    "done": true
  },
  "minecraft:recipes/decorations/stonecutter": {
    "criteria": {
      "has_stone": "2024-07-02 01:39:37 +0000"
    },
    "done": true
  },
  "minecraft:recipes/building_blocks/smooth_stone": {
    "criteria": {
      "has_stone": "2024-07-02 01:39:37 +0000"
    },
    "done": true
  },
  "minecraft:recipes/decorations/stone_brick_walls_from_stone_stonecutting": {
    "criteria": {
      "has_stone": "2024-07-02 01:39:37 +0000"
    },
    "done": true
  },
  "minecraft:recipes/building_blocks/stone_brick_slab_from_stone_stonecutting": {
    "criteria": {
      "has_stone": "2024-07-02 01:39:37 +0000"
    },
    "done": true
  },
  "minecraft:recipes/building_blocks/stone_brick_stairs_from_stone_stonecutting": {
    "criteria": {
      "has_stone": "2024-07-02 01:39:37 +0000"
    },
    "done": true
  },
  "minecraft:recipes/building_blocks/stone_slab_from_stone_stonecutting": {
    "criteria": {
      "has_stone": "2024-07-02 01:39:37 +0000"
    },
    "done": true
  },
  "minecraft:recipes/building_blocks/chiseled_stone_bricks_stone_from_stonecutting": {
    "criteria": {
      "has_stone": "2024-07-02 01:39:37 +0000"
    },
    "done": true
  },
  "minecraft:recipes/misc/white_dye": {
    "criteria": {
      "has_bone_meal": "2024-07-02 01:40:33 +0000"
    },
    "done": true
  },
  "minecraft:recipes/building_blocks/bone_block": {
    "criteria": {
      "has_bone_meal": "2024-07-02 01:40:33 +0000"
    },
    "done": true
  },
  "farmersdelight:recipes/cooking/dog_food": {
    "criteria": {
      "has_any_ingredient": "2024-07-02 01:40:33 +0000"
    },
    "done": true
  },
  "minecraft:recipes/decorations/chest": {
    "criteria": {
      "has_lots_of_items": "2024-07-02 01:41:09 +0000"
    },
    "done": true
  },
  "minecraft:recipes/misc/pink_dye_from_pink_tulip": {
    "criteria": {
      "has_pink_tulip": "2024-07-02 01:41:09 +0000"
    },
    "done": true
  },
  "minecraft:recipes/decorations/blast_furnace": {
    "criteria": {
      "has_smooth_stone": "2024-07-02 01:42:46 +0000"
    },
    "done": true
  },
  "minecraft:recipes/building_blocks/smooth_stone_slab": {
    "criteria": {
      "has_smooth_stone": "2024-07-02 01:42:46 +0000"
    },
    "done": true
  },
  "minecraft:recipes/building_blocks/smooth_stone_slab_from_smooth_stone_stonecutting": {
    "criteria": {
      "has_smooth_stone": "2024-07-02 01:42:46 +0000"
    },
    "done": true
  },
  "iceandfire:recipes/building_blocks/dragonforge_ice_brick": {
    "criteria": {
      "has_item": "2024-07-02 01:44:27 +0000"
    },
    "done": true
  },
  "minecraft:recipes/building_blocks/stone_brick_stairs": {
    "criteria": {
      "has_stone_bricks": "2024-07-02 01:44:27 +0000"
    },
    "done": true
  },
  "iceandfire:recipes/building_blocks/dragonforge_fire_brick": {
    "criteria": {
      "has_item": "2024-07-02 01:44:27 +0000"
    },
    "done": true
  },
  "minecraft:recipes/building_blocks/stone_brick_slab": {
    "criteria": {
      "has_stone_bricks": "2024-07-02 01:44:27 +0000"
    },
    "done": true
  },
  "minecraft:recipes/building_blocks/chiseled_stone_bricks_from_stone_bricks_stonecutting": {
    "criteria": {
      "has_stone_bricks": "2024-07-02 01:44:27 +0000"
    },
    "done": true
  },
  "minecraft:recipes/decorations/stone_brick_wall": {
    "criteria": {
      "has_stone_bricks": "2024-07-02 01:44:27 +0000"
    },
    "done": true
  },
  "minecraft:recipes/building_blocks/cracked_stone_bricks": {
    "criteria": {
      "has_stone_bricks": "2024-07-02 01:44:27 +0000"
    },
    "done": true
  },
  "minecraft:recipes/building_blocks/stone_brick_stairs_from_stone_bricks_stonecutting": {
    "criteria": {
      "has_stone_bricks": "2024-07-02 01:44:27 +0000"
    },
    "done": true
  },
  "iceandfire:recipes/building_blocks/dragonforge_lightning_brick": {
    "criteria": {
      "has_item": "2024-07-02 01:44:27 +0000"
    },
    "done": true
  },
  "minecraft:recipes/building_blocks/chiseled_stone_bricks": {
    "criteria": {
      "has_tag": "2024-07-02 01:44:27 +0000"
    },
    "done": true
  },
  "minecraft:recipes/decorations/stone_brick_wall_from_stone_bricks_stonecutting": {
    "criteria": {
      "has_stone_bricks": "2024-07-02 01:44:27 +0000"
    },
    "done": true
  },
  "minecraft:recipes/building_blocks/stone_brick_slab_from_stone_bricks_stonecutting": {
    "criteria": {
      "has_stone_bricks": "2024-07-02 01:44:27 +0000"
    },
    "done": true
  },
  "minecraft:recipes/misc/stick_from_bamboo_item": {
    "criteria": {
      "has_bamboo": "2024-07-02 01:46:07 +0000"
    },
    "done": true
  },
  "minecraft:recipes/building_blocks/bamboo_block": {
    "criteria": {
      "has_bamboo": "2024-07-02 01:46:07 +0000"
    },
    "done": true
  },
  "minecraft:recipes/decorations/scaffolding": {
    "criteria": {
      "has_bamboo": "2024-07-02 01:46:07 +0000"
    },
    "done": true
  },
  "cfm:recipes/decorations/red_cooler": {
    "criteria": {
      "has_terracotta": "2024-07-02 01:50:03 +0000"
    },
    "done": true
  },
  "minecraft:recipes/decorations/red_glazed_terracotta": {
    "criteria": {
      "has_red_terracotta": "2024-07-02 01:50:03 +0000"
    },
    "done": true
  },
  "cfm:recipes/decorations/red_kitchen_sink": {
    "criteria": {
      "has_top": "2024-07-02 01:50:03 +0000"
    },
    "done": true
  },
  "cfm:recipes/decorations/red_grill": {
    "criteria": {
      "has_terracotta": "2024-07-02 01:50:03 +0000"
    },
    "done": true
  },
  "minecraft:recipes/building_blocks/mangrove_planks": {
    "criteria": {
      "has_logs": "2024-07-02 01:52:39 +0000"
    },
    "done": true
  },
  "cfm:recipes/decorations/stripped_mangrove_coffee_table": {
    "criteria": {
      "has_planks": "2024-07-02 01:52:39 +0000"
    },
    "done": true
  },
  "cfm:recipes/decorations/mangrove_upgraded_gate": {
    "criteria": {
      "has_log": "2024-07-02 01:52:39 +0000"
    },
    "done": true
  },
  "cfm:recipes/decorations/mangrove_chair": {
    "criteria": {
      "has_log": "2024-07-02 01:52:39 +0000"
    },
    "done": true
  },
  "cfm:recipes/decorations/stripped_mangrove_kitchen_drawer": {
    "criteria": {
      "has_log": "2024-07-02 01:52:39 +0000"
    },
    "done": true
  },
  "cfm:recipes/decorations/stripped_mangrove_bedside_cabinet": {
    "criteria": {
      "has_planks": "2024-07-02 01:52:39 +0000"
    },
    "done": true
  },
  "minecraft:recipes/misc/charcoal": {
    "criteria": {
      "has_log": "2024-07-02 01:52:39 +0000"
    },
    "done": true
  },
  "cfm:recipes/decorations/mangrove_coffee_table": {
    "criteria": {
      "has_log": "2024-07-02 01:52:39 +0000"
    },
    "done": true
  },
  "cfm:recipes/decorations/stripped_mangrove_park_bench": {
    "criteria": {
      "has_log": "2024-07-02 01:52:39 +0000"
    },
    "done": true
  },
  "securitycraft:recipes/misc/sc_manual": {
    "criteria": {
      "has_wood": "2024-07-02 01:52:39 +0000"
    },
    "done": true
  },
  "cfm:recipes/decorations/stripped_mangrove_kitchen_counter": {
    "criteria": {
      "has_log": "2024-07-02 01:52:39 +0000"
    },
    "done": true
  },
  "cfm:recipes/decorations/mangrove_upgraded_fence": {
    "criteria": {
      "has_log": "2024-07-02 01:52:39 +0000"
    },
    "done": true
  },
  "cfm:recipes/decorations/stripped_mangrove_chair": {
    "criteria": {
      "has_planks": "2024-07-02 01:52:39 +0000"
    },
    "done": true
  },
  "cfm:recipes/decorations/mangrove_crate": {
    "criteria": {
      "has_log": "2024-07-02 01:52:39 +0000"
    },
    "done": true
  },
  "cfm:recipes/decorations/mangrove_desk_cabinet": {
    "criteria": {
      "has_log": "2024-07-02 01:52:39 +0000"
    },
    "done": true
  },
  "cfm:recipes/decorations/stripped_mangrove_table": {
    "criteria": {
      "has_planks": "2024-07-02 01:52:39 +0000"
    },
    "done": true
  },
  "cfm:recipes/decorations/mangrove_bedside_cabinet": {
    "criteria": {
      "has_log": "2024-07-02 01:52:39 +0000"
    },
    "done": true
  },
  "cfm:recipes/decorations/stripped_mangrove_cabinet": {
    "criteria": {
      "has_log": "2024-07-02 01:52:39 +0000"
    },
    "done": true
  },
  "cfm:recipes/decorations/stripped_mangrove_desk": {
    "criteria": {
      "has_planks": "2024-07-02 01:52:39 +0000"
    },
    "done": true
  },
  "cfm:recipes/decorations/mangrove_park_bench": {
    "criteria": {
      "has_log": "2024-07-02 01:52:39 +0000"
    },
    "done": true
  },
  "cfm:recipes/decorations/mangrove_table": {
    "criteria": {
      "has_log": "2024-07-02 01:52:39 +0000"
    },
    "done": true
  },
  "cfm:recipes/decorations/mangrove_cabinet": {
    "criteria": {
      "has_log": "2024-07-02 01:52:39 +0000"
    },
    "done": true
  },
  "cfm:recipes/decorations/mangrove_desk": {
    "criteria": {
      "has_log": "2024-07-02 01:52:39 +0000"
    },
    "done": true
  },
  "cfm:recipes/decorations/mangrove_kitchen_counter": {
    "criteria": {
      "has_log": "2024-07-02 01:52:39 +0000"
    },
    "done": true
  },
  "cfm:recipes/decorations/mangrove_kitchen_drawer": {
    "criteria": {
      "has_log": "2024-07-02 01:52:39 +0000"
    },
    "done": true
  },
  "minecraft:recipes/building_blocks/mangrove_wood": {
    "criteria": {
      "has_log": "2024-07-02 01:52:39 +0000"
    },
    "done": true
  },
  "cfm:recipes/decorations/stripped_mangrove_desk_cabinet": {
    "criteria": {
      "has_planks": "2024-07-02 01:52:39 +0000"
    },
    "done": true
  },
  "cfm:recipes/decorations/stripped_mangrove_crate": {
    "criteria": {
      "has_planks": "2024-07-02 01:52:39 +0000"
    },
    "done": true
  },
  "cfm:recipes/decorations/mangrove_blinds": {
    "criteria": {
      "has_log": "2024-07-02 01:52:39 +0000"
    },
    "done": true
  },
  "minecraft:recipes/building_blocks/stripped_mangrove_wood": {
    "criteria": {
      "has_log": "2024-07-02 01:53:07 +0000"
    },
    "done": true
  },
  "cfm:recipes/decorations/stripped_mangrove_kitchen_sink_dark": {
    "criteria": {
      "has_bottom": "2024-07-02 01:53:07 +0000"
    },
    "done": true
  },
  "cfm:recipes/decorations/stripped_mangrove_upgraded_fence": {
    "criteria": {
      "has_log": "2024-07-02 01:53:07 +0000"
    },
    "done": true
  },
  "cfm:recipes/decorations/stripped_mangrove_blinds": {
    "criteria": {
      "has_log": "2024-07-02 01:53:07 +0000"
    },
    "done": true
  },
  "minecraft:recipes/decorations/mangrove_hanging_sign": {
    "criteria": {
      "has_stripped_logs": "2024-07-02 01:53:07 +0000"
    },
    "done": true
  },
  "cfm:recipes/decorations/stripped_mangrove_kitchen_sink_light": {
    "criteria": {
      "has_bottom": "2024-07-02 01:53:07 +0000"
    },
    "done": true
  },
  "cfm:recipes/decorations/stripped_mangrove_upgraded_gate": {
    "criteria": {
      "has_log": "2024-07-02 01:53:07 +0000"
    },
    "done": true
  },
  "farmersdelight:recipes/decorations/mangrove_cabinet": {
    "criteria": {
      "has_mangrove_trapdoor": "2024-07-02 01:56:54 +0000"
    },
    "done": true
  },
  "minecraft:recipes/building_blocks/crimson_planks": {
    "criteria": {
      "has_logs": "2024-07-02 01:57:46 +0000"
    },
    "done": true
  },
  "cfm:recipes/decorations/stripped_crimson_blinds": {
    "criteria": {
      "has_log": "2024-07-02 01:57:46 +0000"
    },
    "done": true
  },
  "cfm:recipes/decorations/stripped_crimson_crate": {
    "criteria": {
      "has_log": "2024-07-02 01:57:46 +0000"
    },
    "done": true
  },
  "cfm:recipes/decorations/stripped_crimson_bedside_cabinet": {
    "criteria": {
      "has_log": "2024-07-02 01:57:46 +0000"
    },
    "done": true
  },
  "minecraft:recipes/building_blocks/stripped_crimson_hyphae": {
    "criteria": {
      "has_log": "2024-07-02 01:57:46 +0000"
    },
    "done": true
  },
  "cfm:recipes/decorations/stripped_crimson_kitchen_drawer": {
    "criteria": {
      "has_planks": "2024-07-02 01:57:46 +0000"
    },
    "done": true
  },
  "cfm:recipes/decorations/stripped_crimson_desk_cabinet": {
    "criteria": {
      "has_log": "2024-07-02 01:57:46 +0000"
    },
    "done": true
  },
  "cfm:recipes/decorations/stripped_crimson_kitchen_sink_light": {
    "criteria": {
      "has_bottom": "2024-07-02 01:57:46 +0000"
    },
    "done": true
  },
  "cfm:recipes/decorations/stripped_crimson_kitchen_sink_dark": {
    "criteria": {
      "has_bottom": "2024-07-02 01:57:46 +0000"
    },
    "done": true
  },
  "minecraft:recipes/decorations/crimson_hanging_sign": {
    "criteria": {
      "has_stripped_logs": "2024-07-02 01:57:46 +0000"
    },
    "done": true
  },
  "cfm:recipes/decorations/stripped_crimson_desk": {
    "criteria": {
      "has_log": "2024-07-02 01:57:46 +0000"
    },
    "done": true
  },
  "cfm:recipes/decorations/stripped_crimson_table": {
    "criteria": {
      "has_log": "2024-07-02 01:57:46 +0000"
    },
    "done": true
  },
  "cfm:recipes/decorations/stripped_crimson_upgraded_gate": {
    "criteria": {
      "has_log": "2024-07-02 01:57:46 +0000"
    },
    "done": true
  },
  "cfm:recipes/decorations/stripped_crimson_kitchen_counter": {
    "criteria": {
      "has_planks": "2024-07-02 01:57:46 +0000"
    },
    "done": true
  },
  "cfm:recipes/decorations/stripped_crimson_coffee_table": {
    "criteria": {
      "has_log": "2024-07-02 01:57:46 +0000"
    },
    "done": true
  },
  "cfm:recipes/decorations/stripped_crimson_cabinet": {
    "criteria": {
      "has_planks": "2024-07-02 01:57:46 +0000"
    },
    "done": true
  },
  "cfm:recipes/decorations/stripped_crimson_chair": {
    "criteria": {
      "has_log": "2024-07-02 01:57:46 +0000"
    },
    "done": true
  },
  "cfm:recipes/decorations/stripped_crimson_upgraded_fence": {
    "criteria": {
      "has_log": "2024-07-02 01:57:46 +0000"
    },
    "done": true
  },
  "cfm:recipes/decorations/stripped_crimson_park_bench": {
    "criteria": {
      "has_planks": "2024-07-02 01:57:46 +0000"
    },
    "done": true
  },
  "citycraft:recipes/building_blocks/variable_traffic_sign_danger": {
    "criteria": {
      "has_danger_eu_sign": "2024-07-02 02:03:48 +0000"
    },
    "done": true
  },
  "minecraft:adventure/kill_all_mobs": {
    "criteria": {
      "minecraft:creeper": "2024-07-02 05:07:07 +0000",
      "minecraft:enderman": "2024-07-02 02:05:18 +0000",
      "minecraft:zombie": "2024-07-02 02:05:13 +0000"
    },
    "done": false
  },
  "minecraft:adventure/root": {
    "criteria": {
      "killed_something": "2024-07-02 02:05:13 +0000"
    },
    "done": true
  },
  "minecraft:adventure/kill_a_mob": {
    "criteria": {
      "minecraft:zombie": "2024-07-02 02:05:13 +0000"
    },
    "done": true
  },
  "farmersdelight:recipes/decorations/acacia_cabinet": {
    "criteria": {
      "has_acacia_trapdoor": "2024-07-02 02:07:07 +0000"
    },
    "done": true
  },
  "securitycraft:recipes/misc/block_pocket_manager": {
    "criteria": {
      "has_redstone_block": "2024-07-02 02:07:47 +0000"
    },
    "done": true
  },
  "minecraft:recipes/redstone/redstone": {
    "criteria": {
      "has_redstone_block": "2024-07-02 02:07:47 +0000"
    },
    "done": true
  },
  "securitycraft:recipes/decorations/glow_display_case": {
    "criteria": {
      "has_item_frame": "2024-07-02 02:12:49 +0000"
    },
    "done": true
  },
  "iceandfire:iceandfire/kill_cyclops": {
    "criteria": {
      "killed_fire_dragon": "2024-07-02 02:31:00 +0000"
    },
    "done": true
  },
  "minecraft:recipes/transportation/cherry_boat": {
    "criteria": {
      "in_water": "2024-07-02 02:31:02 +0000"
    },
    "done": true
  },
  "minecraft:recipes/transportation/bamboo_raft": {
    "criteria": {
      "in_water": "2024-07-02 02:31:02 +0000"
    },
    "done": true
  },
  "another_furniture:recipes/white_stool": {
    "criteria": {
      "has_wool": "2024-07-02 02:31:02 +0000"
    },
    "done": true
  },
  "another_furniture:recipes/white_curtain": {
    "criteria": {
      "has_wool": "2024-07-02 02:31:02 +0000"
    },
    "done": true
  },
  "comforts:sleeping_bag_white": {
    "criteria": {
      "has_white_wool": "2024-07-02 02:31:02 +0000"
    },
    "done": true
  },
  "minecraft:recipes/transportation/acacia_boat": {
    "criteria": {
      "in_water": "2024-07-02 02:31:02 +0000"
    },
    "done": true
  },
  "minecraft:recipes/decorations/white_bed": {
    "criteria": {
      "has_white_wool": "2024-07-02 02:31:02 +0000"
    },
    "done": true
  },
  "minecraft:recipes/transportation/jungle_boat": {
    "criteria": {
      "in_water": "2024-07-02 02:31:02 +0000"
    },
    "done": true
  },
  "minecraft:recipes/decorations/painting": {
    "criteria": {
      "has_wool": "2024-07-02 02:31:02 +0000"
    },
    "done": true
  },
  "minecraft:recipes/transportation/spruce_boat": {
    "criteria": {
      "in_water": "2024-07-02 02:31:02 +0000"
    },
    "done": true
  },
  "minecraft:recipes/transportation/birch_boat": {
    "criteria": {
      "in_water": "2024-07-02 02:31:02 +0000"
    },
    "done": true
  },
  "minecraft:recipes/decorations/white_carpet": {
    "criteria": {
      "has_white_wool": "2024-07-02 02:31:02 +0000"
    },
    "done": true
  },
  "minecraft:recipes/transportation/oak_boat": {
    "criteria": {
      "in_water": "2024-07-02 02:31:02 +0000"
    },
    "done": true
  },
  "minecraft:recipes/transportation/mangrove_boat": {
    "criteria": {
      "in_water": "2024-07-02 02:31:02 +0000"
    },
    "done": true
  },
  "cfm:recipes/decorations/white_trampoline": {
    "criteria": {
      "has_wool": "2024-07-02 02:31:02 +0000"
    },
    "done": true
  },
  "another_furniture:recipes/white_sofa": {
    "criteria": {
      "has_wool": "2024-07-02 02:31:02 +0000"
    },
    "done": true
  },
  "another_furniture:recipes/white_lamp": {
    "criteria": {
      "has_wool": "2024-07-02 02:31:02 +0000"
    },
    "done": true
  },
  "minecraft:recipes/decorations/white_banner": {
    "criteria": {
      "has_white_wool": "2024-07-02 02:31:02 +0000"
    },
    "done": true
  },
  "another_furniture:recipes/white_tall_stool": {
    "criteria": {
      "has_wool": "2024-07-02 02:31:02 +0000"
    },
    "done": true
  },
  "cfm:recipes/decorations/white_sofa": {
    "criteria": {
      "has_wool": "2024-07-02 02:31:02 +0000"
    },
    "done": true
  },
  "comforts:hammock_white": {
    "criteria": {
      "has_white_wool": "2024-07-02 02:31:02 +0000"
    },
    "done": true
  },
  "minecraft:recipes/transportation/dark_oak_boat": {
    "criteria": {
      "in_water": "2024-07-02 02:31:02 +0000"
    },
    "done": true
  },
  "minecraft:recipes/misc/pink_dye_from_pink_petals": {
    "criteria": {
      "has_pink_petals": "2024-07-02 05:01:37 +0000"
    },
    "done": true
  },
  "minecraft:recipes/redstone/repeater": {
    "criteria": {
      "has_redstone_torch": "2024-07-02 05:05:32 +0000"
    },
    "done": true
  },
  "minecraft:recipes/misc/firework_rocket_simple": {
    "criteria": {
      "has_gunpowder": "2024-07-02 05:07:08 +0000"
    },
    "done": true
  },
  "minecraft:recipes/redstone/tnt": {
    "criteria": {
      "has_gunpowder": "2024-07-02 05:07:08 +0000"
    },
    "done": true
  },
  "cfm:recipes/decorations/stripped_warped_kitchen_sink_light": {
    "criteria": {
      "has_bucket": "2024-07-02 05:21:16 +0000"
    },
    "done": true
  },
  "cfm:recipes/decorations/acacia_kitchen_sink_dark": {
    "criteria": {
      "has_bucket": "2024-07-02 05:21:16 +0000"
    },
    "done": true
  },
  "cfm:recipes/decorations/jungle_kitchen_sink_dark": {
    "criteria": {
      "has_bucket": "2024-07-02 05:21:16 +0000"
    },
    "done": true
  },
  "cfm:recipes/decorations/brown_kitchen_sink": {
    "criteria": {
      "has_bucket": "2024-07-02 05:21:16 +0000"
    },
    "done": true
  },
  "cfm:recipes/decorations/stripped_warped_kitchen_sink_dark": {
    "criteria": {
      "has_bucket": "2024-07-02 05:21:16 +0000"
    },
    "done": true
  },
  "cfm:recipes/decorations/stripped_jungle_kitchen_sink_light": {
    "criteria": {
      "has_bucket": "2024-07-02 05:21:16 +0000"
    },
    "done": true
  },
  "cfm:recipes/decorations/spruce_kitchen_sink_light": {
    "criteria": {
      "has_bucket": "2024-07-02 05:21:16 +0000"
    },
    "done": true
  },
  "cfm:recipes/decorations/magenta_kitchen_sink": {
    "criteria": {
      "has_bucket": "2024-07-02 05:21:16 +0000"
    },
    "done": true
  },
  "cfm:recipes/decorations/oak_kitchen_sink_dark": {
    "criteria": {
      "has_bucket": "2024-07-02 05:21:16 +0000"
    },
    "done": true
  },
  "cfm:recipes/decorations/white_kitchen_sink": {
    "criteria": {
      "has_bucket": "2024-07-02 05:21:16 +0000"
    },
    "done": true
  },
  "cfm:recipes/decorations/dark_oak_kitchen_sink_light": {
    "criteria": {
      "has_bucket": "2024-07-02 05:21:16 +0000"
    },
    "done": true
  },
  "cfm:recipes/decorations/lime_kitchen_sink": {
    "criteria": {
      "has_bucket": "2024-07-02 05:21:16 +0000"
    },
    "done": true
  },
  "cfm:recipes/decorations/purple_kitchen_sink": {
    "criteria": {
      "has_bucket": "2024-07-02 05:21:16 +0000"
    },
    "done": true
  },
  "cfm:recipes/decorations/acacia_kitchen_sink_light": {
    "criteria": {
      "has_bucket": "2024-07-02 05:21:16 +0000"
    },
    "done": true
  },
  "cfm:recipes/decorations/stripped_oak_kitchen_sink_dark": {
    "criteria": {
      "has_bucket": "2024-07-02 05:21:16 +0000"
    },
    "done": true
  },
  "cfm:recipes/decorations/black_kitchen_sink": {
    "criteria": {
      "has_bucket": "2024-07-02 05:21:16 +0000"
    },
    "done": true
  },
  "cfm:recipes/decorations/orange_kitchen_sink": {
    "criteria": {
      "has_bucket": "2024-07-02 05:21:16 +0000"
    },
    "done": true
  },
  "cfm:recipes/decorations/gray_kitchen_sink": {
    "criteria": {
      "has_bucket": "2024-07-02 05:21:16 +0000"
    },
    "done": true
  },
  "cfm:recipes/decorations/stripped_spruce_kitchen_sink_light": {
    "criteria": {
      "has_bucket": "2024-07-02 05:21:16 +0000"
    },
    "done": true
  },
  "cfm:recipes/decorations/blue_kitchen_sink": {
    "criteria": {
      "has_bucket": "2024-07-02 05:21:16 +0000"
    },
    "done": true
  },
  "cfm:recipes/decorations/spruce_kitchen_sink_dark": {
    "criteria": {
      "has_bucket": "2024-07-02 05:21:16 +0000"
    },
    "done": true
  },
  "cfm:recipes/decorations/mangrove_kitchen_sink_light": {
    "criteria": {
      "has_bucket": "2024-07-02 05:21:16 +0000"
    },
    "done": true
  },
  "cfm:recipes/decorations/pink_kitchen_sink": {
    "criteria": {
      "has_bucket": "2024-07-02 05:21:16 +0000"
    },
    "done": true
  },
  "cfm:recipes/decorations/stripped_acacia_kitchen_sink_dark": {
    "criteria": {
      "has_bucket": "2024-07-02 05:21:16 +0000"
    },
    "done": true
  },
  "cfm:recipes/decorations/mangrove_kitchen_sink_dark": {
    "criteria": {
      "has_bucket": "2024-07-02 05:21:16 +0000"
    },
    "done": true
  },
  "cfm:recipes/decorations/stripped_acacia_kitchen_sink_light": {
    "criteria": {
      "has_bucket": "2024-07-02 05:21:16 +0000"
    },
    "done": true
  },
  "cfm:recipes/decorations/birch_kitchen_sink_light": {
    "criteria": {
      "has_bucket": "2024-07-02 05:21:16 +0000"
    },
    "done": true
  },
  "cfm:recipes/decorations/yellow_kitchen_sink": {
    "criteria": {
      "has_bucket": "2024-07-02 05:21:16 +0000"
    },
    "done": true
  },
  "cfm:recipes/decorations/birch_kitchen_sink_dark": {
    "criteria": {
      "has_bucket": "2024-07-02 05:21:16 +0000"
    },
    "done": true
  },
  "cfm:recipes/decorations/cyan_kitchen_sink": {
    "criteria": {
      "has_bucket": "2024-07-02 05:21:16 +0000"
    },
    "done": true
  },
  "cfm:recipes/decorations/green_kitchen_sink": {
    "criteria": {
      "has_bucket": "2024-07-02 05:21:16 +0000"
    },
    "done": true
  },
  "cfm:recipes/decorations/stripped_dark_oak_kitchen_sink_dark": {
    "criteria": {
      "has_bucket": "2024-07-02 05:21:16 +0000"
    },
    "done": true
  },
  "cfm:recipes/decorations/stripped_birch_kitchen_sink_dark": {
    "criteria": {
      "has_bucket": "2024-07-02 05:21:16 +0000"
    },
    "done": true
  },
  "cfm:recipes/decorations/stripped_dark_oak_kitchen_sink_light": {
    "criteria": {
      "has_bucket": "2024-07-02 05:21:16 +0000"
    },
    "done": true
  },
  "cfm:recipes/decorations/warped_kitchen_sink_dark": {
    "criteria": {
      "has_bucket": "2024-07-02 05:21:16 +0000"
    },
    "done": true
  },
  "cfm:recipes/decorations/crimson_kitchen_sink_light": {
    "criteria": {
      "has_bucket": "2024-07-02 05:21:16 +0000"
    },
    "done": true
  },
  "cfm:recipes/decorations/dark_oak_kitchen_sink_dark": {
    "criteria": {
      "has_bucket": "2024-07-02 05:21:16 +0000"
    },
    "done": true
  },
  "cfm:recipes/decorations/stripped_jungle_kitchen_sink_dark": {
    "criteria": {
      "has_bucket": "2024-07-02 05:21:16 +0000"
    },
    "done": true
  },
  "cfm:recipes/decorations/jungle_kitchen_sink_light": {
    "criteria": {
      "has_bucket": "2024-07-02 05:21:16 +0000"
    },
    "done": true
  },
  "cfm:recipes/decorations/light_gray_kitchen_sink": {
    "criteria": {
      "has_bucket": "2024-07-02 05:21:16 +0000"
    },
    "done": true
  },
  "cfm:recipes/decorations/warped_kitchen_sink_light": {
    "criteria": {
      "has_bucket": "2024-07-02 05:21:16 +0000"
    },
    "done": true
  },
  "cfm:recipes/decorations/stripped_birch_kitchen_sink_light": {
    "criteria": {
      "has_bucket": "2024-07-02 05:21:16 +0000"
    },
    "done": true
  },
  "cfm:recipes/decorations/crimson_kitchen_sink_dark": {
    "criteria": {
      "has_bucket": "2024-07-02 05:21:16 +0000"
    },
    "done": true
  },
  "cfm:recipes/decorations/stripped_oak_kitchen_sink_light": {
    "criteria": {
      "has_bucket": "2024-07-02 05:21:16 +0000"
    },
    "done": true
  },
  "cfm:recipes/decorations/oak_kitchen_sink_light": {
    "criteria": {
      "has_bucket": "2024-07-02 05:21:16 +0000"
    },
    "done": true
  },
  "cfm:recipes/decorations/light_blue_kitchen_sink": {
    "criteria": {
      "has_bucket": "2024-07-02 05:21:16 +0000"
    },
    "done": true
  },
  "cfm:recipes/decorations/stripped_spruce_kitchen_sink_dark": {
    "criteria": {
      "has_bucket": "2024-07-02 05:21:16 +0000"
    },
    "done": true
  },
  "alexscaves:alexscaves/raygun": {
    "criteria": {
      "raygun": "2024-07-02 05:36:24 +0000"
    },
    "done": true
  },
  "alexscaves:alexscaves/extinction_spear": {
    "criteria": {
      "dreadbow": "2024-07-02 05:38:32 +0000"
    },
    "done": true
  },
  "farmersdelight:recipes/cooking/glow_berry_custard": {
    "criteria": {
      "has_any_ingredient": "2024-07-02 05:43:37 +0000"
    },
    "done": true
  },
  "farmersdelight:recipes/cooking/hot_cocoa": {
    "criteria": {
      "has_any_ingredient": "2024-07-02 05:43:37 +0000"
    },
    "done": true
  },
  "farmersdelight:recipes/food/milk_bottle": {
    "criteria": {
      "has_milk_bucket": "2024-07-02 05:43:37 +0000"
    },
    "done": true
  },
  "farmersdelight:recipes/cooking/pumpkin_soup": {
    "criteria": {
      "has_any_ingredient": "2024-07-02 05:43:37 +0000"
    },
    "done": true
  },
  "minecraft:husbandry/root": {
    "criteria": {
      "consumed_item": "2024-07-02 05:43:40 +0000"
    },
    "done": true
  },
  "minecraft:story/lava_bucket": {
    "criteria": {
      "lava_bucket": "2024-07-02 05:45:09 +0000"
    },
    "done": true
  },
  "alexscaves:alexscaves/nuclear_bomb": {
    "criteria": {
      "nuclear_bomb": "2024-07-02 05:47:11 +0000"
    },
    "done": true
  },
  "cfm:recipes/decorations/cyan_kitchen_counter": {
    "criteria": {
      "has_stone": "2024-07-02 06:31:51 +0000"
    },
    "done": true
  },
  "cfm:recipes/decorations/brown_kitchen_drawer": {
    "criteria": {
      "has_terracotta": "2024-07-02 06:31:51 +0000"
    },
    "done": true
  },
  "cfm:recipes/decorations/purple_kitchen_counter": {
    "criteria": {
      "has_stone": "2024-07-02 06:31:51 +0000"
    },
    "done": true
  },
  "minecraft:recipes/redstone/redstone_torch": {
    "criteria": {
      "has_redstone": "2024-07-02 06:56:18 +0000"
    },
    "done": true
  },
  "cfm:recipes/decorations/gray_kitchen_drawer": {
    "criteria": {
      "has_terracotta": "2024-07-02 06:31:51 +0000"
    },
    "done": true
  },
  "minecraft:recipes/building_blocks/black_terracotta": {
    "criteria": {
      "has_terracotta": "2024-07-02 06:31:51 +0000"
    },
    "done": true
  },
  "cfm:recipes/decorations/blue_kitchen_counter": {
    "criteria": {
      "has_stone": "2024-07-02 06:31:51 +0000"
    },
    "done": true
  },
  "minecraft:recipes/building_blocks/pink_terracotta": {
    "criteria": {
      "has_terracotta": "2024-07-02 06:31:51 +0000"
    },
    "done": true
  },
  "cfm:recipes/decorations/cyan_kitchen_drawer": {
    "criteria": {
      "has_terracotta": "2024-07-02 06:31:51 +0000"
    },
    "done": true
  },
  "cfm:recipes/decorations/red_kitchen_counter": {
    "criteria": {
      "has_stone": "2024-07-02 06:31:51 +0000"
    },
    "done": true
  },
  "minecraft:recipes/building_blocks/blue_terracotta": {
    "criteria": {
      "has_terracotta": "2024-07-02 06:31:51 +0000"
    },
    "done": true
  },
  "minecraft:recipes/building_blocks/light_blue_terracotta": {
    "criteria": {
      "has_terracotta": "2024-07-02 06:31:51 +0000"
    },
    "done": true
  },
  "minecraft:recipes/building_blocks/yellow_terracotta": {
    "criteria": {
      "has_terracotta": "2024-07-02 06:31:51 +0000"
    },
    "done": true
  },
  "cfm:recipes/decorations/gray_kitchen_counter": {
    "criteria": {
      "has_stone": "2024-07-02 06:31:51 +0000"
    },
    "done": true
  },
  "securitycraft:recipes/misc/username_logger": {
    "criteria": {
      "has_redstone": "2024-07-02 06:56:18 +0000"
    },
    "done": true
  },
  "alexscaves:alexscaves/cave_map": {
    "criteria": {
      "cave_map": "2024-07-02 07:04:10 +0000"
    },
    "done": true
  },
  "cfm:recipes/decorations/green_kitchen_counter": {
    "criteria": {
      "has_stone": "2024-07-02 06:31:51 +0000"
    },
    "done": true
  },
  "minecraft:recipes/redstone/target": {
    "criteria": {
      "has_redstone": "2024-07-02 06:56:18 +0000"
    },
    "done": true
  },
  "minecraft:adventure/throw_trident": {
    "criteria": {
      "shot_trident": "2024-07-02 06:41:39 +0000"
    },
    "done": true
  },
  "minecraft:recipes/tools/compass": {
    "criteria": {
      "has_redstone": "2024-07-02 06:56:18 +0000"
    },
    "done": true
  },
  "securitycraft:recipes/misc/portable_tune_player": {
    "criteria": {
      "has_redstone": "2024-07-02 06:56:18 +0000"
    },
    "done": true
  },
  "cfm:recipes/decorations/red_kitchen_drawer": {
    "criteria": {
      "has_terracotta": "2024-07-02 06:31:51 +0000"
    },
    "done": true
  },
  "securitycraft:recipes/redstone/portable_radar": {
    "criteria": {
      "has_redstone": "2024-07-02 06:56:18 +0000"
    },
    "done": true
  },
  "minecraft:recipes/building_blocks/orange_terracotta": {
    "criteria": {
      "has_terracotta": "2024-07-02 06:31:51 +0000"
    },
    "done": true
  },
  "alexscaves:alexscaves/cave_codex": {
    "criteria": {
      "cave_codex": "2024-07-02 07:04:04 +0000"
    },
    "done": true
  },
  "cfm:recipes/decorations/pink_kitchen_counter": {
    "criteria": {
      "has_stone": "2024-07-02 06:31:51 +0000"
    },
    "done": true
  },
  "minecraft:recipes/building_blocks/magenta_terracotta": {
    "criteria": {
      "has_terracotta": "2024-07-02 06:31:51 +0000"
    },
    "done": true
  },
  "securitycraft:recipes/tools/taser": {
    "criteria": {
      "has_redstone": "2024-07-02 06:56:18 +0000"
    },
    "done": true
  },
  "cfm:recipes/decorations/orange_kitchen_counter": {
    "criteria": {
      "has_stone": "2024-07-02 06:31:51 +0000"
    },
    "done": true
  },
  "minecraft:recipes/redstone/redstone_block": {
    "criteria": {
      "has_redstone": "2024-07-02 06:56:18 +0000"
    },
    "done": true
  },
  "minecraft:recipes/building_blocks/cyan_terracotta": {
    "criteria": {
      "has_terracotta": "2024-07-02 06:31:51 +0000"
    },
    "done": true
  },
  "cfm:recipes/decorations/purple_kitchen_drawer": {
    "criteria": {
      "has_terracotta": "2024-07-02 06:31:51 +0000"
    },
    "done": true
  },
  "cfm:recipes/decorations/green_kitchen_drawer": {
    "criteria": {
      "has_terracotta": "2024-07-02 06:31:51 +0000"
    },
    "done": true
  },
  "cfm:recipes/decorations/blue_kitchen_drawer": {
    "criteria": {
      "has_terracotta": "2024-07-02 06:31:51 +0000"
    },
    "done": true
  },
  "cfm:recipes/decorations/light_blue_kitchen_counter": {
    "criteria": {
      "has_stone": "2024-07-02 06:31:51 +0000"
    },
    "done": true
  },
  "cfm:recipes/decorations/white_kitchen_drawer": {
    "criteria": {
      "has_terracotta": "2024-07-02 06:31:51 +0000"
    },
    "done": true
  },
  "securitycraft:recipes/redstone/reinforced_dropper": {
    "criteria": {
      "has_redstone": "2024-07-02 06:56:18 +0000"
    },
    "done": true
  },
  "minecraft:recipes/building_blocks/brown_terracotta": {
    "criteria": {
      "has_terracotta": "2024-07-02 06:31:51 +0000"
    },
    "done": true
  },
  "minecraft:recipes/building_blocks/lime_terracotta": {
    "criteria": {
      "has_terracotta": "2024-07-02 06:31:51 +0000"
    },
    "done": true
  },
  "minecraft:recipes/building_blocks/light_gray_terracotta": {
    "criteria": {
      "has_terracotta": "2024-07-02 06:31:51 +0000"
    },
    "done": true
  },
  "cfm:recipes/decorations/yellow_kitchen_drawer": {
    "criteria": {
      "has_terracotta": "2024-07-02 06:31:51 +0000"
    },
    "done": true
  },
  "cfm:recipes/decorations/white_kitchen_counter": {
    "criteria": {
      "has_stone": "2024-07-02 06:31:51 +0000"
    },
    "done": true
  },
  "securitycraft:recipes/tools/universal_key_changer": {
    "criteria": {
      "has_redstone": "2024-07-02 06:56:18 +0000"
    },
    "done": true
  },
  "securitycraft:recipes/redstone/alarm": {
    "criteria": {
      "has_redstone": "2024-07-02 06:56:18 +0000"
    },
    "done": true
  },
  "cfm:recipes/decorations/magenta_kitchen_counter": {
    "criteria": {
      "has_stone": "2024-07-02 06:31:51 +0000"
    },
    "done": true
  },
  "minecraft:recipes/tools/clock": {
    "criteria": {
      "has_redstone": "2024-07-02 06:56:18 +0000"
    },
    "done": true
  },
  "cfm:recipes/decorations/lime_kitchen_counter": {
    "criteria": {
      "has_stone": "2024-07-02 06:31:51 +0000"
    },
    "done": true
  },
  "minecraft:recipes/building_blocks/red_terracotta": {
    "criteria": {
      "has_terracotta": "2024-07-02 06:31:51 +0000"
    },
    "done": true
  },
  "cfm:recipes/decorations/magenta_kitchen_drawer": {
    "criteria": {
      "has_terracotta": "2024-07-02 06:31:51 +0000"
    },
    "done": true
  },
  "securitycraft:recipes/tools/universal_block_reinforcer_lvl1": {
    "criteria": {
      "has_redstone": "2024-07-02 06:56:18 +0000"
    },
    "done": true
  },
  "securitycraft:recipes/tools/universal_block_reinforcer_lvl3": {
    "criteria": {
      "has_redstone": "2024-07-02 06:56:18 +0000"
    },
    "done": true
  },
  "securitycraft:recipes/tools/universal_block_reinforcer_lvl2": {
    "criteria": {
      "has_redstone": "2024-07-02 06:56:18 +0000"
    },
    "done": true
  },
  "securitycraft:recipes/redstone/reinforced_piston": {
    "criteria": {
      "has_redstone": "2024-07-02 06:56:18 +0000"
    },
    "done": true
  },
  "minecraft:recipes/building_blocks/purple_terracotta": {
    "criteria": {
      "has_terracotta": "2024-07-02 06:31:51 +0000"
    },
    "done": true
  },
  "minecraft:recipes/redstone/note_block": {
    "criteria": {
      "has_redstone": "2024-07-02 06:56:18 +0000"
    },
    "done": true
  },
  "cfm:recipes/decorations/orange_kitchen_drawer": {
    "criteria": {
      "has_terracotta": "2024-07-02 06:31:51 +0000"
    },
    "done": true
  },
  "cfm:recipes/decorations/pink_kitchen_drawer": {
    "criteria": {
      "has_terracotta": "2024-07-02 06:31:51 +0000"
    },
    "done": true
  },
  "cfm:recipes/decorations/light_blue_kitchen_drawer": {
    "criteria": {
      "has_terracotta": "2024-07-02 06:31:51 +0000"
    },
    "done": true
  },
  "securitycraft:recipes/redstone/reinforced_redstone_lamp": {
    "criteria": {
      "has_redstone": "2024-07-02 06:56:18 +0000"
    },
    "done": true
  },
  "cfm:recipes/decorations/yellow_kitchen_counter": {
    "criteria": {
      "has_stone": "2024-07-02 06:31:51 +0000"
    },
    "done": true
  },
  "alexscaves:alexscaves/eat_radiation_foods": {
    "criteria": {
      "green_soylent": "2024-07-02 06:51:35 +0000"
    },
    "done": false
  },
  "minecraft:recipes/building_blocks/white_terracotta": {
    "criteria": {
      "has_terracotta": "2024-07-02 06:31:51 +0000"
    },
    "done": true
  },
  "securitycraft:recipes/misc/keypad_frame": {
    "criteria": {
      "has_redstone": "2024-07-02 06:56:18 +0000"
    },
    "done": true
  },
  "securitycraft:recipes/misc/claymore": {
    "criteria": {
      "has_redstone": "2024-07-02 06:56:18 +0000"
    },
    "done": true
  },
  "cfm:recipes/decorations/black_kitchen_drawer": {
    "criteria": {
      "has_terracotta": "2024-07-02 06:31:51 +0000"
    },
    "done": true
  },
  "minecraft:recipes/redstone/dropper": {
    "criteria": {
      "has_redstone": "2024-07-02 06:56:18 +0000"
    },
    "done": true
  },
  "alexscaves:alexscaves/defeat_nucleeper": {
    "criteria": {
      "killed": "2024-07-02 06:55:03 +0000"
    },
    "done": true
  },
  "securitycraft:recipes/redstone/panic_button": {
    "criteria": {
      "has_redstone": "2024-07-02 06:56:18 +0000"
    },
    "done": true
  },
  "cfm:recipes/decorations/black_kitchen_counter": {
    "criteria": {
      "has_stone": "2024-07-02 06:31:51 +0000"
    },
    "done": true
  },
  "cfm:recipes/decorations/light_gray_kitchen_counter": {
    "criteria": {
      "has_stone": "2024-07-02 06:31:51 +0000"
    },
    "done": true
  },
  "securitycraft:recipes/tools/universal_block_modifier": {
    "criteria": {
      "has_redstone": "2024-07-02 06:56:18 +0000"
    },
    "done": true
  },
  "cfm:recipes/decorations/lime_kitchen_drawer": {
    "criteria": {
      "has_terracotta": "2024-07-02 06:31:51 +0000"
    },
    "done": true
  },
  "minecraft:recipes/building_blocks/gray_terracotta": {
    "criteria": {
      "has_terracotta": "2024-07-02 06:31:51 +0000"
    },
    "done": true
  },
  "cfm:recipes/decorations/brown_kitchen_counter": {
    "criteria": {
      "has_stone": "2024-07-02 06:31:51 +0000"
    },
    "done": true
  },
  "minecraft:recipes/building_blocks/green_terracotta": {
    "criteria": {
      "has_terracotta": "2024-07-02 06:31:51 +0000"
    },
    "done": true
  },
  "cfm:recipes/decorations/light_gray_kitchen_drawer": {
    "criteria": {
      "has_terracotta": "2024-07-02 06:31:51 +0000"
    },
    "done": true
  },
  "securitycraft:recipes/misc/cage_trap": {
    "criteria": {
      "has_redstone": "2024-07-02 06:56:18 +0000"
    },
    "done": true
  },
  "minecraft:recipes/redstone/piston": {
    "criteria": {
      "has_redstone": "2024-07-02 06:56:18 +0000"
    },
    "done": true
  },
  "DataVersion": 3465
}